Jake Hess|You And Me Jesus|5Z7G9aanCOTvKl197cqTwC|SOADQPP12A67020C82
Jorge Palma|Jeremias, O Fora-Da-Lei|1zns2CRSnwDW5yHJLKyOQH|SOANEIV12A8C13A003
Rihanna|Lemme Get That|2kJ9hAQHqyss7zeFwZqe1A|SOAPNSG12A8C13481A
Kid Cudi|Up Up & Away|2iwHqEsNeW0ci3iB8PJzpf|SOARUPP12AB01842E0
The White Stripes|Seven Nation Army|4zA30wJPvNvQ3WjB8jtGaF|SOAUFOF12AB0180C65
Björk|Undo (Live - Vespertine World Tour 2001)|0nyG3wCTgesXi6VpY7gYmK|SOAUWYT12A81C206F1
Shania Twain|Nah! (Red Album Version)|0oSeIKmteMy1HSOcgsTZrB|SOBABRB12A6701DF4B
Tiësto|"Traffic (Original 12"")"|4lmNvrbwmXxfpnb8ggx0ok|SOBAPRW12A8C144F91
Jorge Palma|Nunca É Tarde Para Se Ter Uma Infância Feliz|5DHvGeiiGXWCeNCWowX8Ao|SOBFYHS12A8C13981D
Phish|Prince Caspian|255zg2kzJRA0JEOxYwMaUs|SOBMVXX12A8C13D19E
Jorge Palma|A Gente Vai Continuar|2aMQqWfSqRbDCShCy18KNZ|SOBNCME12AB0188920
N.E.R.D.|Rock Star|06hSRuuloGEdS9isTziMab|SOBNTOH12A58A78181
Jason Mraz|Lucky|0lP1yIucCa3oCwcTTC75oN|SOBOAFP12A8C131F36
Alliance Ethnik|Sincerité et jalousie|1uaQVVz7OWo5uxwNVTEGiR|SOBOUPA12A6D4F81F1
Eminem|'Till I Collapse|4HxsngHxoicuX8GFLtCNKD|SOBPKPW12A6701E8F9
Ivete Sangalo|Eternamente|3wgBAYTP0i1PMSanCfThxA|SOBQLSC12AB0185043
Mafalda Veiga|Imortais|0lSdi709ZAjb7TykP9YXhm|SOBRYFZ12A58A7E004
Tiny Vipers|They Might Follow You|7eb0lCy1UXaKyPWy14sCDD|SOBUBLL12A58A795A8
Jorge Palma|O Fim|0nQlSvc2xRRU9xmpOfSn2H|SOBZBIE12AB018021C
Francisco Céspedes|Morena|1IuftwGZgWo2w1XYXeAF59|SOCHQIQ12A81C20A19
Kix|Girl Money (Re-Recorded / Remastered)|1d1bV3v916g1eOg9QzDOod|SOCHWPT12AB0184F15
Ivete Sangalo|Monsieur Samba|20L6OQ7S1SkCzW1A9HlGml|SOCJBJO12AB018503D
Mariah Carey|Dreamlover|34tXZkAliQFjvT3Qttg3N5|SOCMEJM12AF72A48D0
Dino Merlin|Na Vi|2PFSOiuR12brFg0VINyu5s|SOCMHES12AB0186FCF
Ivete Sangalo|Bota Pra Ferver|5XdB7tvvZU3sJjlQoP8L82|SOCQLRV12AB0185061
Mafalda Veiga|Cada Lugar Teu|0jG9kZsvJvu9Xz9knjaBMB|SODCHTW12AAF3B3160
Billy J. Kramer & The Dakotas|Tennessee Waltz (Live)|2xR2wiQzyQ9jtVG0aJqX7O|SODEIYC12AB01880AC
Jorge Palma|Frágil (I)|03rGApElyMNb1Fzu0foIf1|SODHWIR12AB01815AC
Adrian Belew|Phone Call From The Moon|3BzyTQbCQYeGN1GZUsRsxR|SODKLAG12AB018C16B
Justin Bieber|Runaway Love|0bEd4eh9mPSgI4AdjuizJW|SODTHOY12AC9071AE7
Barry Tuckwell|Horn Concerto No. 4 in E Flat, K.495: II. Romance (Andante cantabile)|1AB3OIojHx9Ga4v3pIp9Y7|SOEGIYH12A6D4FC0E3
Live|Mirror Song|0WirE9soFSbeq15cg8uIRy|SOEHLVK12A6701DEC8
Days of the New|How Do You Know You?|2G6djhQmxbadZFqvWyVF3y|SOEICOX12A58A7AB35
Mafalda Veiga|Uma Gota|3asa6rsXbl7bekKaT3nRKt|SOEQZFA12AB018767E
Jack Johnson|Times Like These|1AgyH6on3osbFelpvd9W8x|SOERYLG12A6701F07F
Lady Gaga|Monster|0kO1o8LrBv1NZk4UJEiRoK|SOEYVHS12AB0181D31
Iron Maiden|Total Eclipse|1C0c106l5PIR8HiFka0vH4|SOFGQNB12A6D4F74F8
Phil Collins|Welcome|23zN2x9hxLDZyeB5gIuKNW|SOFMMKA12A58A7CBF5
Phil Collins|Hang In Long Enough|5VYDOPziTvH6Zv52pX7wOa|SOFNTFP12A6D4F995D
Amy Winehouse|Fuck Me Pumps|2wOqT31QRl6tb7qKbKJGC9|SOFSIKY12AF72A0807
Brian Poole & The Tremeloes|I Can Dance|0bk4zSGxT36E1ntkTXmF6Z|SOFYELC12A6D4F8D96
Nickelback|Never Gonna Be Alone|633LS2w2wpl0oNavVgTlMp|SOGIDHJ12AB01800D1
Tony Carreira|Depois De Ti (Mais Nada)|6fggpkMPQ7zOu5hFFl5DY1|SOGOTIF12A58A7C009
The All-American Rejects|Gives You Hell|1sK9erdOUxWqZjlIRvDYHN|SOGPNGN12A8C143969
Rui Da Silva|Touch Me (Double 99 club mix)|4ZMuvOjGxLGi5jZjajUMq0|SOGPSFI12A8C142823
Justin Bieber|Eenie Meenie|0GJ8MKuMqb2S4IJ31LQ8Ky|SOGSAYQ12AB018BA14
Justin Bieber|Love Me|5r7qD6QIm5IG5Y2JUpViBR|SOGWJEY12AC9618862
Jorge Palma|Razão De Estado|3xtyMK9Eqzy9gvgmJwjVN9|SOHDVAB12A8C13A012
Radiohead|Karma Police|5YtKNQRPr4WE4EW1q2KJ8y|SOHJOLH12A6310DFE5
Miley Cyrus|These Four Walls|1kHjgaV5kxNj6EKRPCDm2V|SOHOZFL12AB018266A
Lonnie Gordon|Catch You Baby (Steve Pitron & Max Sanna Radio Edit)|1h3fIPQXMxl0zRPd7Lhl4j|SOHTKMO12AB01843B0
Ivete Sangalo|Astral|0wqO0mSwSw7Aw7b3cCLUcD|SOHTNMZ12AB017EC44
The All-American Rejects|Why Worry|6FbWf64LK8bCQ929iYOz5J|SOHWXHK12A6701D7B9
Tony Carreira|Como antes do adeus|7cmfSKIg9FcoRtwY78MN0P|SOHYPYS12AB0181EBA
Starflyer 59|When You Feel The Mess (Gold Album Version)|1LkZI3UG6JtA4qoMqLFEeX|SOHZMFE12A6D4FB412
Rihanna|Te Amo|0vU7Vb42qkjeSsmmNG5g3W|SOHZPIK12A58A7CCAE
Ivete Sangalo|Chuva De Flor|2oFNwRAMLGh0goxHnO4PvE|SOIARRI12A58A7E32D
Jorge Palma|Imaginação|0evab3f3vEqDMGEqyKsaKk|SOISKLA12A8C13A467
Jorge Palma|Encosta-te A Mim|7dwaLGctHzppPAs6qfYZGP|SOIWGMN12A8C1391B9
The Frumpies|Fuck Kitty|1kJtv5K9jIjV8BMrt1t0JN|SOIZFTE12AB0186842
Muse|Supermassive Black Hole|2NR0YZPNalZnjEgqNy8fuI|SOIZLKI12A6D4F7B61
Jorge Palma|A Escola|5tXUsTXR0Rnyo3AK2AXN4T|SOJAFEW12AB018187B
Switchblade Symphony|Doll House|0Ui6SlyYOpQmuYYgMVfqkC|SOJGZXL12A6D4F2980
Coko|I Get Joy|01LVAgFbE4DoYYABGzWgNa|SOJIJWG12AAF3B46C0
Skillet|Hero|75Opzkc8N6lh43BhBc5rRT|SOJOIKI12AB0187525
Mariah Carey|Subtle Invitation|1FeA20JbLDQJRnY0Wpukex|SOJSNTB12A6701E7F2
Jack Johnson|Breakdown|0meRqen1pFnRLmGi6VUAjA|SOJSTYO12A8C13F200
Cage the Elephant|Ain't No Rest For The Wicked|0BKR4QaJXDPcOb22guDY1p|SOJTLHS12A8C13F633
Kris Allen|Live Like We're Dying|65UvZpFtad5aMBA7Fb8dGh|SOJZFQA12AB017BFB0
Jack Johnson|Do You Remember|10CKKSNt6TXe44NmsD5P6Y|SOKUTUM12A6701D9CD
Amy Winehouse|What Is It About Men|5s2J0LCyrRKsso1f20fb1D|SOKZTMC12A8AE48549
The Fray|Over My Head (Cable Car)|1N62wozuHCvczCkY4QidpP|SOLIICC12AF72A64FB
Kelly Clarkson|The Trouble With Love Is|2JtZObNb7Mskyio4k8X4EH|SOLUHHS12A58A81A6B
Justin Bieber|Overboard|0GX9k4ni4IDqU1vRHVPmiw|SOLWAHM12AB018EBC8
My Chemical Romance|Helena - So Long & Goodnight Album Version|2qjT4bXQUMHy93ieNnumeA|SOLXXZI12A8AE4733A
Mafalda Veiga|Tatuagens (Dueto Com Jorge Palma)|3kVIPuBesWGBIE7HNCG6RK|SOLYIQF12AAF3B4D7D
Lily Allen|Fag Hag|2o8GPj6lSYuIswtOFQg9P3|SOMEBUD12AB01869CA
J. Karjalainen ja Mustat Lasit|Sinisten tähtien alla|7968fxC9GmlqTiYRXT499O|SOMGVYU12A8C1314FF
Secret Machines|I Hate Pretending|06J7YKce9VrrV1nTcC1PFm|SOMJWPP12A6D4F8506
Afromental|Bootycall|06w9sIrDyBEQoP4pTatAAp|SOMNQCT12A8C13C8F8
José Cid|Como O Macaco Gosta De Banana|18ciur4vEvJsSgTMYblb8h|SOMRJYF12AB0181D6D
Santos e Pecadores|Momento Final|1JoJJ2tEuPbKt5Lx2Qytq9|SOMSPGH12AB017F71F
Fisher|Rianna|68Gq6xUwVX081JsNSlbk76|SONHWUN12AC468C014
Seal|Show Me|4L5LjT0biiYbws1yWsMrZg|SONKINC12AF72A5261
Sheena Easton|Strut|6gFIFMI3tsrM5QojcvVMfZ|SONQCXC12A6D4F6A37
Everclear|A Beautiful Life|44qFo97qmzvZbvk5NAtQIs|SONVGXK12A6310DA2B
John Waite|White Heat|5inF8Fr9D6HK8hc6Knb9Ai|SOOCUBP12AB018924D
Jason Mraz|Please Don't Tell Her|1hVIdQZGblhStVJuPQ2Jp1|SOOGODX12A6D4F85C2
Skillet|Monster|24LP2wwXRSsFkCtpqLi7p3|SOOHCUB12A58A7AD2C
Kings of Leon|Trunk|0xT55Wqu3YiPxfWO2POT0q|SOOLKLP12AF729D959
Lily Allen|Him|6FBBpkWG4pZfkbaRFtHj0H|SOOQFQE12AB0180901
Soul II Soul|How Long|0tkxmlbgYla7mqviOUch6t|SOOSPIF12A6310D880
L'ÂME IMMORTELLE|Brother Against Brother|7EqD2yU0eqGfos9julOFpy|SOOULIM12A8C13AAED
Buraka Som Sistema|Sound Of Kuduro|45UbOIY9doKIMp5325YE3x|SOOXKOK12AAA8C65AD
Nick Cave & The Bad Seeds|Spell|3k8IfFtKFPQvxx2WOaKxcg|SOOXLIG12AB0185803
Death Cab for Cutie|I Will Follow You Into The Dark|2pKilbsvdFFYevstcoSvyH|SOOYDAZ12A58A7AE08
Charlie Louvin|I Think I'll Live|2TxSRQiP7xz4vKxabdlpx1|SOPABZM12A6D4FC668
Triumvirat|Waterfall|1hmcu4gSunXb9RJGQgd86b|SOPIEIJ12A6D4F8F81
Young Bleed|We Don't Stop|2QlWzZV7liEf9hGGVnKmVG|SOPKPFW12A6D4F84BC
Travie McCoy|Billionaire|0uDKjh2ZRowiLuFvgH4lgZ|SOPTLQL12AB018D56F
Five Iron Frenzy|Canada|24npDZmZh8Vyfy8wnaj5em|SOPUCYA12A8C13A694
Linkin Park|In The End|138JuTi1U3WIROalXod9FB|SOPVQLJ12A67AE2281
Coldplay|Yellow|3e0wYnFxkqinmtXebYPMSt|SOPXKYD12A6D4FA876
Colossal|Brave The Elements|1nX2vcloyW4FzROGWluQDd|SOQGSUC12A8C13B66D
Foo Fighters|The Pretender|0FTZhIxKaX6HqJA0MvGR16|SOQLUTQ12A8AE48037
CCCP Fedeli alla linea|Aghia Sophia (2008 - Remaster)|1x293rIwCPYwY7rjOBX3tA|SOQTHZW12A8C1400F8
Kirsty MacColl|Days|47oKGTIKnsrVMXHzPjCeF3|SOQWFXU12A6310E0DF
Jason Derülo|What If|2Lfyxk7cOsk6Lt8NyDnkDi|SOREDMW12AB01871BB
Jonas Brothers|Sorry|2QHLgmH6ol3zym2s0dFPJE|SORFSKT12A8C1430A0
Pavement|Mercy Snack: The Laundromat|4C0VhBHNyTZ4YbliPcXTOB|SORJICW12A8C13640D
Minnie Riperton|Reasons|1R6D7X8mDFoFJN7pQYu4Dn|SORPHNV12A6701CD63
Phil Collins|If Leaving Me Is Easy|4YeMMA5ZU9nMukGhN3mD3c|SORQZIB12A58A77E94
Lily Allen|Chinese|2Il3tRBULOSUtEdTdLICyL|SOSDTGC12AF72A2BC3
The Pussycat Dolls|I Don't Need A Man|21avvmlLWna5CQMxSNDLL8|SOSINBC12A67ADAEF6
Amy Winehouse|Know You Now|6iWqDBhlLaFd51ovf2rTRt|SOSIUBJ12A8AE48524
Coldplay|Shiver|6LFG5WLD8KWSb308OU35q9|SOSVPIE12A6D4FA873
Kings of Leon|Revelry|0dBBvCiFlcAkI639SkFftk|SOSXLTC12AF72A7F54
João Pedro Pais|Caso Perdido|29shIb7t6QlqqPKnbGbcM7|SOTNHUX12AF72A5FC1
Phil Collins|Tomorrow Never Knows|4Uo4SNMzDtzARmwjz2OSdQ|SOTOSXS12A6D4F9970
Rise Against|Savior|0M5YQrXwslnrJETjpghqt6|SOUJVIT12A8C1451C1
B.o.B|Nothin' On You (feat. Bruno Mars)|720gUTVPALoSa9jxrEJ5Im|SOULTKQ12AB018A183
Future Rock|Gears|1pAGL0Z5YZ3sZwZ0pXUPLt|SOUNJIO12AB0181339
Ron Carter|I CAN'T GET STARTED|5opFNCjclGb6PTQnvG9z7X|SOUNZHU12A8AE47481
Michael Bublé|White Christmas|72gECP4n6mrDFOK1VrIRqo|SOUQZRN12A6701F2EB
Bachman-Turner Overdrive|Hey You|4PdY6fHN0Smre4sBbx47WT|SOUSZRY12A67AE0DE2
Kris Allen|Heartless|37RwFsE9hFx9KON6puPdG0|SOUVQFA12AF72A98DF
The Pussycat Dolls|I'm Done|1H8fMGS0Q339b1Vv26yMhQ|SOVDYZE12A58A7AA62
The Prodigy|The Big Gun Down|1RIaEBkIerRG45UlujoQn3|SOVIZNF12AF72A710A
Tiësto|Just Be (Antillas Dub Mix)|6XYLM922mXDA4swvnuuNyv|SOVRDRT12A8C13B228
Miley Cyrus|Party In The U.S.A.|30Xknf1q1rULa1lMfE34JJ|SOVWADY12AB0189C63
Biffy Clyro|Many Of Horror|5KY6vqlVlLZzgtmPqqcbN7|SOVWHPM12AB017DABB
Train|Drops of Jupiter|23rc0FT9mCa12LjYSeDXlW|SOVXBOT12A8C136816
Mafalda Veiga|O Meu Abrigo|261WlHyFMocRIytegqcs1s|SOWDKYD12AF72A4E6C
The All-American Rejects|Sunshine (Hidden Track)|15aqw3IKoblAShir7ezKux|SOWEZWN12AB0187753
Gian Marco|Volveré|1WISNLPLXx0bblOafM3tEK|SOWVBDQ12A8C13503D
Justin|Show Me|6ewmQikygFM7e88lT6cvOI|SOWVTCS12AC468543B
João Pedro Pais|Mais Uma Vez|0LTxMZMjhHRwfAA9e0o9nz|SOWZDWZ12A8C13C9E9
Kings of Leon|Joe's Head|0A2BgEzGWU9HB6XMYE7V3t|SOXLKNJ12A58A7E09A
Beastie Boys|Unite (2009 Digital Remaster)|7pvIfNAnmq0z8QlewNf0kh|SOXLOQG12AF72A2D55
Mafalda Veiga|De Mão Em Mão|0zcwu4HdafADmGvjP9zhBt|SOXXSQE12AF72A6CA0
Trey Songz|Brand New|2zFsJYtQTNBG3Y3EXb3qds|SOYECTU12A8C13FECC
The Killers|Joy Ride|07SgR5jvYFyVDHa6uv8Fh0|SOYEQLD12AB017C713
Five Finger Death Punch|Bad Company|6DE3QVksZL0E1Kh3OZf00B|SOYGHUM12AB018139C
Lily Allen|Kabul Shit|0jJ8n3WzgQsJ8seeu2PZQH|SOYJPNY12AB01869CC
Daniela Mercury|Todo Reggae|27WHSwR1jnvsgtcfy025rG|SOYLSMB12A8C13568B
Mariah Carey|Standing O|1Y9zVKk2WTaNyxeDmj0zyv|SOYWSLQ12AB018B07C
Miley Cyrus|Wake Up America|30ya9QYBoOAS6qncb1UM8c|SOZATAA12A8C13FF12
Tiro de Gracia|Dos Corazones|5VWG4nRuFR5DX4cjR8rx6A|SOZEDTR12A6D4FA322
The Killers|When You Were Young|1aadO9bdRZXDGtu5LxUOX1|SOZVCRW12A67ADA0B7
Phoenix|Lasso|75uPDEpN4FEwrcIMljH2oT|SOZVUCT12A8C1424BE
Three Days Grace|I Hate Everything About You|2IeQni8tJEJ55MB2hyyOUe|SOACIPG12A8AE47E1C
Dominique A|Le courage des oiseaux|6sBd3FaPoi5Jp9WJc3xRse|SOBFRNE12A6D4F7995
The XX|Basic Space|6r8zv25pj5Nz08dbEUkwEr|SOCXCTS12AC468A380
Foo Fighters|Learn To Fly|4tjBDR8r3kxBXxQPeRTQgu|SODACBL12A8C13C273
Natiruts|Jamaica Roots II(Agora E Sempre)|2dkXwUM8BwcEW3xjxrl7CP|SODCNJX12A6D4F93CB
Emmy the Great|MIA|1gWFsqCHHxpqvqwqSwnFTX|SODLAPJ12A8C142002
Linkin Park|Crawling|0EorNL6AhJkrR2h4IltoaQ|SOEKSGJ12A67AE227E
Jason Aldean|Big Green Tractor|4cKHsTbBl7x30mRPwm9qFO|SOESWIW12AB017F1CD
Cartola|Tive Sim|0b39g01pl1lRSNDaQDmWVl|SOFLJQZ12A6D4FADA6
The Black Keys|Your Touch|75QYZWJkDK69REHaPc645g|SOFSPAT12A8C145F53
Eminem|Superman|2wUe2eqoqQWsKxSIVehQGF|SOHEMBB12A6701E907
Emil Gilels|Piano Concerto No. 2 in G Minor, Op. 22: III. Presto|3ZfSEvF6KMUcK9VeAnxBDd|SOIEBXT12A8C1341E1
Florence + The Machine|I'm Not Calling You A Liar|0AosnSuC2OxvOfnRO41ZSb|SOILFUU12AB017C75F
Justin Bieber|Common Denominator|3oJkGPPA1hFPIjZJdyMUJK|SOIYIMC12AC9097E45
Linkin Park|What I've Done|2rqfA8JU31ctqTxikZXR8J|SOJKQSF12A6D4F5EE9
Justin Bieber|Up|2b7VnjigNmcqQwDEUgEZy0|SOJUXGA12AC961885C
Chris Isaak|Blue Christmas|0KoHuYnsMJdXCh2LdRkndJ|SOKSQYH12AB018A1C4
The Black Keys|Psychotic Girl|3uB5AmqHQu3x3M146MqgJL|SOLAUOW12A8C13A400
Die Mooskirchner|Frisch und g'sund|2mxd6wnlVwLyfm03OurmED|SOLGLUC12AB018A8FA
Todd Barry|Sugar Ray|4VjuHavv2loEUL61cXUy3R|SOLGPOU12A58A7EA20
Mystikal|Alright|1VIMa6fB7xmaPSGseMveeu|SOLRZLK12AF72A3F6C
Linkin Park|One Step Closer|4LazEhiWM9IUu6aBeL7524|SOLWHSJ12A67AE227B
Chris Isaak|The Christmas Song - in Duet With Michael Bublè|3dzycfMZOhyC5owPuwDI0a|SOLZECT12AB0188E52
Foolish Things|Who Can Compare|17xqcnBW4CdV6ARXLrKHWy|SOMCAFM12A58A7B024
Jacky Terrasson|Le Jardin d'Hiver|1CRDfNPQbtCGcqeAAgBGdW|SOMCMKG12A8C1347BF
Beastie Boys|The Maestro (2009 Digital Remaster)|7bG6voBTtt2o4iKrH2LKbs|SOMMONH12A6D4F41CD
Coldplay|In My Place|2aXZp30TocFnABRPF1Isrl|SOMRYYN12A6310F0F3
Usher|There Goes My Baby|09DuenP8GuDBwGI3Rz2rAV|SONEJIJ12AB0185727
Blood, Sweat & Tears|Hi-De-Ho|3OnGPzOssFdKYykjC2l7tq|SONGJGI12AB01859E4
Band of Horses|No One's Gonna Love You|0MRuDaaklRKJYERVgnVWtf|SOOECND12A8C13A0EA
Secondhand Serenade|Fall For You|5sZ9DvYsRjhhVqTrUZdiv2|SOOFTNW12AB017DB3E
Alliance Ethnik|Représente|1RZKRHaNFoMelRo9m5Fg3a|SOOFYTN12A6D4F9B35
Florence + The Machine|Rabbit Heart (Raise It Up) (Jamie T and Ben Bones Lionheart Remix)|3wQiRldZlQjAS9FcNI9Rsk|SOOWVNN12A8C140775
Eminem|Hailie's Song|5WE7HvF49YLz3ppR0I109B|SOPCTBB12AF72A1B64
Kings of Leon|I Want You|28HbsxoaQzLoWIrmGtwWCH|SOPDRWC12A8C141DDE
milczenie owiec|Cieñ|3JMx3gkz8nISqU4VVRgeK4|SOPGCOH12A8C139789
Phoenix|Fences (Chairlift Remix)|0fz442DSxqB1FWgxeqeYNx|SOQIOXQ12AAF3B2A37
A Day to Remember|If It Means a Lot to You|2vA7kqr5BSEC5esLdGAfMT|SORBBFV12AB017D710
John Mayer|Neon (Live at the Nokia Theatre)|4ovfnu6ndxZMCBiv0MD8VE|SORUFVF12AB018230B
Metallica|Master Of Puppets|0Nw8qoOGHbd9bR2IzRkqos|SOSJRJP12A6D4F826F
Jack Johnson|Bubble Toes|5wRkuekwphInxpZE60U7SK|SOSPXWA12AB0181875
Justin Bieber|Bigger|0pSK5wc8DxWvZNQat2RMVl|SOSWWEU12AC9097E4C
Cosmo Vitelli|Robot Soul (Radio Edit)|2gIVqrC5BG8BMeO9r1qtCr|SOSYOHI12A8C144584
Angels & Airwaves|The Gift|3TUrTR7E3gFiditkFXkm5b|SOTCMDJ12A6D4F8528
John Mayer|Perfectly Lonely|42dbDZX9bsEGqMZWYmnR7J|SOTHABI12A58A7DACB
Phoenix|Rome|6QB66cwubEjVviqeFWrsgJ|SOTSHYT12A8C142868
Another Sunny Day|Rio|5v6pI8xQjpgMyf28nTwReS|SOTUARP12A8C13CB54
Subhumans|Rain|0UmkrrNcK6Z072f355NYLH|SOUCHPA12AB0184B1A
Florence + The Machine|My Boy Builds Coffins|1KxcbEY0asYVMR043MjZWq|SOUCPBK12A58A7881A
Tub Ring|Invalid|75cTfyv2XauL07tPoXQFlf|SOUFTBI12AB0183F65
Justin Bieber|Never Let You Go|4mUU7gZ3k8HBQWDVptjwEK|SOUGCDK12AC95F075F
Spacehog|In The Meantime|02lTDOxHeXTHsdwXoz6lpC|SOUJZNM12A81C22B18
Metric|Gold Guns Girls|4ftEC8EG6VbxFJFDAMdzZX|SOUOPLF12AB017F40F
Daft Punk|Aerodynamic (Daft Punk Remix)|37YWwmlRl1GonSwjRuOiEq|SOVOOSP12A6310F1AC
MGMT|Time to Pretend|1U0mXbREaTeDN7alQ3D3RE|SOWOMMY127F8096DF9
Herman Brood & His Wild Romance|When I Get Home|1epWA7yKqnkMESTaoVILoA|SOWUIES12A8C13D84E
Amity in Fame|Relegate the Judge|1KS2cOycRT51MH7LXnBDq0|SOXZSEH12AC468CABB
Reality Check|Masquerade (Reality Check Album Version)|5YExhw3MKHIwpWoloeNq9i|SOYABSZ12A81C1FEAC
Kings of Leon|Be Somebody|0MjMB0xacnWquVTvWLJWZV|SOYDTRQ12AF72A3D61
Justin Bieber|First Dance|5Wc0VR8dmTHDMhGiyXH1GO|SOYJDRA12AB017F30D
Kings of Leon|Ragoo|1awe1QKAusXpOLs5TttSOV|SOZAPQT12A8C142821
Mike + The Mechanics|A Beggar On A Beach Of Gold|6XF2o3c6M3lCgQBkjnLF2A|SOZCDWG12A6D4F81E1
Thursday|Voices On a String|2sINOmKdDhGmWAf0F1rQdP|SOZEBAZ12AF72A80C8
Daft Punk|Human After All (Alter Ego Remix)|49Rstg8sXS9TqowrF9gXHc|SOAIIYK12A6D4F6666
The Octopus Project|Rorol|3rGgubo6wsk2X59XMYnZL6|SOAMPRJ12A8AE45F38
Skream|Auto-Dub|72RkCcfD9rU8gxZtxusrJn|SOAPIHX12AB0184CB1
Daft Punk|Emotion|0Dezmoeb373GNcYBjLVAMH|SOBJIZY12A6701F11A
Holy Fuck|Korg Rhythm Afro|1iwZuGMcKL15GEOW5uZLaj|SOBOJJB12A58A7D1AD
Jason Mraz|Wordplay|602YQsE00DjQOEmynTchUK|SOBXOWJ12A6D4F85BA
Taylor Swift|Forever & Always (Piano Version)|13MAWVUSkbGMUi6I7RowRK|SOCCWZW12AB01829DB
Caetano Veloso|O Samba E O Tango (Live 1995)|45j3uzeK9GRA0hl4qaBzjT|SODEAJC12A58A7769F
Simian Mobile Disco|Hustler (Club Version)|40v3VcGZpeqdXwhFdvulyU|SODOWQF12A81C2371B
Boys Noize|Arcade Robot|2zNVBvTPMPXrxgR7OOfLmB|SODSESK12A81C2178C
MSTRKRFT|Neon Knights|0K4ckNXT3H7iOTVFWFxiVx|SODTJFU12B0B80C9BE
Flying Lotus|SexSlaveShip|0jyAHEUHO5TbHu0w6BW5GL|SOECUDG12A8C13337F
The Octopus Project|Tuxedo Hat|1ybPE2JlxFXGGT0zARHX7f|SOEHMKZ12A58A7DF45
Daft Punk|Face To Face / Short Circuit|0wRZydGL3HzMNvP4mUUrnz|SOEHVUF12A8AE47597
The Knife|Marble House|3tdpEmrOMzoQViob4GyzvE|SOFTTSD12A81C219CC
Cut Copy|Unforgettable Season|3OSFHDDdotnbFt5PDt1o5Y|SOGJPMB12A8C13A9DB
Cut Copy|So Haunted|30umvL0bTfuUEf7MkbiSr5|SOGKTON12A6D4FC6E3
MSTRKRFT|She's Good For Business|4y6oQZpladfI7ndNFgjzXk|SOGPMUO12A6D4F6D31
Holy Fuck|Choppers|0pj7vNA78PMWYLwRsKwEUx|SOGUBKQ12A8C135DEC
Chromeo|My Girl Is Calling Me (A Liar)|7rfA1fj3PLUo9KEz79GBdV|SOGZQHS12A8C137A12
Epica|Incentive (Bonus Track)|37wfBtLoTXYRg4RqoXUjOw|SOHAHTQ12AB017AA32
Holy Fuck|Bontempi Latin|1cpqLXwSvqPbU3Mgv14dpK|SOHBURV12A8C13B628
The Octopus Project|Marshall Examines His Carcass|1dndtPmte94LwOmuqQUXUw|SOHOTAA12A8AE45F43
Gang Starr|In This Life... (Feat. Snoop Dogg & Uncle Reo)|0fNGxHJDcBbHebGaEsrag5|SOILHRR12A8C13B767
Down to the Bone|Smile To Shine|3234jtRTGfYBaj9GN54FmU|SOIPFNK12A8C139007
Hot Chip|One One One|5ns9up0aV2euwHTVy7fmfg|SOIYMFH12A8C14059B
Melody Club|Evil Thing|2cEWuL91hTQ5PeARhSWNhV|SOJEMSC12A6D4F81A6
The Octopus Project|All Of The Champs That Ever Lived|2jPH3OGb4tjVrGwG5NxZoc|SOJERWB12A8C13E654
RuPaul|Jealous Of My Boogie|7Co4d4AL8o5hUIN1vnqQz0|SOKCLJF12AB0180968
Boys Noize|Oh! (A-Trak Remix)|3G139sxe5uj0fsDgBPMdSC|SOKTJXL12A8C13C90B
PeterLicht|Heiterkeit|6E4S4vlYFQSzCnjt61ODY0|SOKVDJM12A8C13B274
Hot Chip|Bubbles They Bounce|4yxubmw9mEvzLrHTj33Oe2|SOKVSAH12A8C133C6D
Four Tet|Everything Is Alright|4uVkcdDoZYN2Lj0XnG3xC0|SOKYBEO12A81C23957
Simian Mobile Disco|Simple|5KAFwhMDP3G5ApKucdXQHM|SOLARJV12AB018306B
Coldplay|Sparks|7D0RhFcb3CrfPuTJ0obrod|SOLJWIQ12A6D4FA875
Cut Copy|Time Stands Still|7bsMMBa73HkDGty76wUMby|SOLPDGD12A6701F951
Black Moth Super Rainbow|Forever Heavy|56e8Ac9LVRJf3SvVa9vVg0|SOLSVTV12A8C13F563
Joe Nichols|Talk Me Out Of Tampa|0I2Je2m3VbwP13kA9wEFlv|SOLXTXN12AB018238A
Hot Chip|Baby Said|47P6OzwHEHWBXsFPxD17bl|SONEWOI12AAF3B3602
Holy Fuck|Frenchy’s|5I30NMQ483fuzsOmMOBVYi|SONIMNU12B0B8092AB
Simian Mobile Disco|Clock|5evnxIdIuIBZzq74zb7xGk|SONTNHB12A8C1391D6
3OH!3|My First Kiss|4q7XSM6laraTPDglxDqn28|SOOLWEJ12AB0186DA4
RuPaul|LadyBoy|3zfQjt55nlkNXCQVbGhWic|SOOVUJG12AB01837BF
Digitalism|Anything New|0WiphUbTOOSGa5YNxdKRBq|SOPAETP12A8C131E3B
Simian Mobile Disco|Hotdog|1ogZKGZzBFyUgPCITbhkrf|SOPEGMI12AF72AA77F
The Octopus Project|Music Is Happiness|5eWkKmH4jeQAgq6MQeYvki|SOPOCCO12A58A7ADED
Mika Miko|Don't Shake It Off|5j7gWD3rkV0UmqneF0xI6e|SOPODKB12AB01820CC
Holy Fuck|Silva & Grimes|35nZHa9ZmXzTngqfHabyxb|SOPPHBW12AB018C800
Rise Against|Swing Life Away|1po0WjJ3Apr3oELShKtlGS|SOQHWMN12A6701E2D9
The Octopus Project|Porno Disaster|6OCMtYgfHEOcTgEtwChvJE|SOQISNQ12A8AE45F4C
Cut Copy|Going Nowhere|0iVredzwu0reZQUUKCZtFv|SOQRHIX12A6701F955
Hot Chip|Wrestlers|5avoMtJVEMPuimFyDljq0i|SOQWSUU12A8C132875
Skream|Summer Dreams|6KYSoeOBHYsjCwDJu3QAGq|SORHJAS12AB0187D3F
Justice|Let There Be Lite|4kAiLK5TbOPAll8GENMXJr|SORYTPO12AB0183974
Caribou|Mammals vs. Reptiles|2OUPAZIzc2yJJu4M97Dz8l|SOSJSCF12A8C13B9D3
Fatboy Slim|Right Here Right Now (Redanka Remix)|20cBibhhCh4CcIfkvZsHe2|SOTADTY12A8C13A961
The Octopus Project|Six Feet Up|4f7gNEhsvEjUTndwO4C4f6|SOTARUJ12A8C13B0DA
The Octopus Project|What They Found|4qlLJtBODaGuRCSOulBEIv|SOTORXA12A58A79338
Jason Mraz|The Remedy (I Won't Worry)|4tK4ARuilOrBzwVQK73E0Y|SOTVJEN12A8C13B064
The Octopus Project|Lots More Stairs|3FqAvyeo6SXunOvthI9Nt8|SOTVQBZ12A8C13B0E7
The Octopus Project|Malaria Codes|7IAHSixtruJCqfQCHtXswv|SOVEFXA12A58A7942A
Boys Noize|Lava Lava|7LvmT2yjOroAxbXXZVrOBG|SOVFNKP12A81C2177F
Esperanza Spalding|I Know You Know|6LRRTTt97J9LnK1D3YcNGB|SOVSXPH12AB0181339
Cut Copy|Strangers In The Wind|2iTCJqn8duJdxNOXOZZfEz|SOWGZIE12A6D4FC6F2
MSTRKRFT|Street Justice|3uVkJHnlgYgJzOsjzhb8Xm|SOWKUZM12A67AE0D37
Klaxons|Golden Skans|0GNCMbzv4zwa1W2Ccik2An|SOXERNH12A67AD8642
Justice|We Are Your Friends (Reprise) (Album Version)|4Ok0Sz2EXKRVqAhLJ4Ikwy|SOXLSBV12AB018397A
Four Tet|You Could Ruin My Day|1vmFHgKSYZQ9R6HtP5UkDG|SOYYYFE12A81C2395E
The Octopus Project|The Adjustor|6sC8fTO6Ja6BHoBmVFxJU3|SOZJHUF12A8C13E642
Vitalic|Valletta Fanfares|1gTa8Q0juZD1x153PWMqhB|SOZMXQP12A6D4FBE3C
Daft Punk|Aerodynamic (Slum Village Remix)|5rKOHcpjxzJUS3V36J8AxH|SOZYPRF12A6310F1B4
Bloodhound Gang|Foxtrot Uniform Charlie Kilo|7lh3ZoVrZ1F1pZ9eEm4lkU|SOFDKZO12AF72A652C
HoneyHoney|Little Toy Gun|58IDwt86aqdMJl5wCkmJIY|SOGHFEL12AB0182964
Bloodhound Gang|Kiss Me Where It Smells Funny|3PNlOALdwJLtc5hjCZjFxa|SOIJPZF12A6701EB76
Frankie Valli|Dawn (Go Away)|27KynuncSqZyUrGRUTES4c|SOJKVAM12AC468E9EC
Disturbed|Down With The Sickness|3wFcKwulymxpP9ZUtnLe8r|SOPGREN12A6701EA2E
The Four Seasons|Rag Doll|41I5TGUHLcAICjx3NTW3B9|SOPQYCP12A8C139102
LCD Soundsystem|Dance Yrself Clean|2GGNtsp8uJukxi2d6R3lpN|SOUFZDS12AB018CF18
Owl City|This Is The Future|17jG9JayIGPoexVXMqxiQG|SOWHUXB12AB01816EE
Bloodhound Gang|The Ballad Of Chasey Lain|6B9aLhwkScND4UK6yuMO8v|SOYTENY12AF72A9A38
Lily Allen|Mr Blue Sky|4VbOG7iEFYAGy6ABxpmBBK|SOZUCUW12A8C13230D
The Pussycat Dolls|Halo|1bM5IU9iyyljZGsF3S5bC7|SOABJTC12A58A7DE0E
Radiohead|Talk Show Host|6alCbJN2aBbpCPIoOb8RrN|SOADISH12AB018DFAC
Wreckshop Records|Kick Door (feat. D-Reck, Dirty $, Salih & Trademark)|1Oqm4bb6CwiHlE0PXcpLWM|SOAFKOZ12AB018E91B
The Chordettes|Lollipop (Squeak E Clean & Desert Eagles Remix)|6RGq1b1cuYbOc7duQjeaEd|SOAJBPP12AC4689BB7
ATB|Shine On|5bKoSYggdPyfpzgo1VedXJ|SOANCHX12A8C139C27
Boys Like Girls|Five Minutes To Midnight|47oyqP0bjiaA1w9yHv51RB|SOASTPI12A58A7E0F8
La Rue Kétanou|Les derniers aventuriers|1ivuFIMZOvljsgqiKwIRYu|SOAVAVB12AB0180687
Theory of a Deadman|Santa Monica|1xLHLGIRyuYGCzyOR9qshi|SOAZFQH12A8C13D101
Gotye|Learnalilgivinanlovin|5yrCTwnbqKu3cmnpGeGmb4|SOBAXYT12A8C14462C
Anberlin|Paperthin Hymn|6VSmHLLvYAAkzrYFT3LloU|SOBHIJO12A6D4FA26C
Jason Lytle|Brand New Sun|3sZBcLmkwzb0zVK3WTmN1A|SOBJQOW12A58A7EE45
Röyksopp|The Girl And The Robot|59Np2figp0Ztap2s9Dxk73|SOBOGSC12A8C1440FC
Anberlin|The Unwinding Cable Car|6o2n4MmYMgddwVeYaxzsUh|SOBQTGA12A6D4F959A
The Subways|Rock & Roll Queen|0e3qvNUMTCBs7TX73P9qXu|SOBRMVI12A58A78642
Feist|Mushaboom (Postal Service Remix)|5Qk1jfjt6XSBH2YdzRZnob|SOBVRXS12A6D4FC3F7
mind.in.a.box|Change|0mqrNEW9RlL5FBMZPQ0r5z|SOCABHM12AB0189A44
The Kooks|See The Sun|17rbAfJC9Vxj57dhpObylh|SOCANXR12A8C13898D
Justin Timberlake|LoveStoned/I Think She Knows (Kaskade Remix)|5qVmcbmUgdlUz7dz30mOZU|SOCDGOY12A8C1466ED
SFDK|Fumar Cagando|0QSUpGHBj05kCfj9rZLjpt|SOCGCQT12AC468D742
A Rocket to the Moon|Where Did You Go?|1zbhP0ovh43R2v8VjyKlBN|SOCHMAL12AB01825AD
Gorillaz|DARE (Junior Sanchez Remix)|26qM5RQgoLupd3Pg7yC6be|SOCIQJM12AF72AB32B
The Shins|Pam Berry|1yZQFisaXoMqykwLPseOXI|SOCLFCD12A6D4FA66D
White Town|Your Woman|4ACxa9buEUnOdYEoPcnMpi|SOCRCNK12A8C133AA7
Buzzcocks|Run Away From Home (Demo)|0YCczEVt4JBYiXGq4sCkfH|SOCRJWC12A6310EF02
Basshunter|I Miss You (Hyperzone mix)|0uwPnIRI7lEL7NBJ5Fj5cU|SOCSGCZ12A58A7A6E0
Sugar Ray|Stay On|30neUPxoUJc2VK0D6lfA1V|SOCZNLC12A58A7C654
Julio Iglesias|Summer Wind|2li0wgawsCDVa40ZppxIzm|SODZJCH12A8C132ADC
Juan Carlos Baglietto|Las Cosas Tienen Movimiento|35CG9WjAKJSvUaWRaJr5um|SOEAJLI12A8C139E77
ATB|Obsession|19l9SVCmfkw7tUjPNHFGPM|SOEBBQS12A8C139265
Jackson C. Frank|Cryin' Like A Baby|4njYOJ46qJj5qwHj6S6Phl|SOEFYXS12AB01814BB
Does It Offend You, Yeah?|Dawn Of The Dead|7ADwCWe7rt3uCH1lHzjT3Z|SOEIMVH12A8C13545B
We the Kings|Check Yes Juliet|5PuzC4Q2gC3EqAUdDROnkK|SOEKNMO12AF72A1918
Mudhoney|Here Comes Sickness|74vnyDLooRpiQjxCOA88qH|SOENRIE12A8AE468A4
Metric|Help I'm Alive|3GcH8qkC35CQc4xt6Dhz1r|SOEOJHS12AB017F3DC
3OH!3|DONTTRUSTME (feat. KIDCUDI) - BENNYBLANCOREMIX|4pt2RFIeMJFO6yBDxCKqeM|SOEPQXD12A58A7BBFE
Big Tymers|Pimp On|4GWhQwKpNHpFUpQFsN2mMP|SOESPDL12A6D4F931D
Hot Water Music|God Deciding|65NWzs5hiFHyMX3guIcUyi|SOEUOCA12AB01887DB
Louis Bertignac|Vas-Y Guitare|6V7hGKgXPlUFV7wEQz6vZt|SOEYBBU12AB018AAD0
Shout Out Louds|Wish I Was Dead PT.2|3MdSOPDjI2CyP3yY59ZwoR|SOEYUIU12A8C1351C2
Tom Petty|Honey Bee|7bBJ2wBvhbCiNaZRqG3yTr|SOFHWOI12A58A7B9D0
Bruce Dickinson|Faith|2oqzKj2mCoizoZHRaQhJ5R|SOFJCCE12AB0183F96
Easy Star All-Stars|Money|1tvloicvCOim7GjhXcs4fp|SOFKNVA12A6D4FA879
The Cranberries|Every Morning|4oq2fuWqaSGPjJrrrdsye6|SOFNDIQ12A6701C8BA
Olé Olé|Con Solo una Mirada|0qQAv8e0C9I3b5yChLGAtn|SOFONYJ12AB017D95E
Sami Saari|Naisen Kanssa|1czghfEnDR4VwZ7ZOs6NSo|SOFPXXK12A6D4FA1D9
Simple Plan|I'd Do Anything|5KCPpfk3qfw2Gd9DRMCq8Y|SOFSGDO12A670202AB
Gorillaz|Feel Good Inc (Stanton Warriors Remix)|05OU9yuLKyjvzcO9uE52cE|SOFUPXW12A8C130D7C
Santigold|L.E.S. Artistes|5GJxnqngSModOJytgoNn0T|SOGDFMH12A8C138511
Moby|Slight Return|3LPMqcL5sF6sm787hKbc59|SOGDPLB12A8C13BECD
We the Kings|August Is Over|2VraLIN1nHD9iO9ffCIaan|SOGEKSP12A58A78530
The Maine|If I Only Had The Heart|1UzIWHVnocU3zMwxMFOjEO|SOGHRUZ12A8AE49A4D
We the Kings|Skyway Avenue|2iI7BOV837JkvbsHBMP4Xa|SOGHSMH12A8C137927
Fleetwood Mac|Drifting|0uhhYKQFHokdLSNGKSSGF0|SOGRFFM12A8AE47266
Tom Petty|Yer So Bad|3PiMVfokTKw4wNb4vISH5D|SOGYPIS12B0B807573
Sinéad O'Connor|Fire On Babylon|1LPUAQiUDtxVzYyt67exrK|SOHDFOP12AF72A6FDF
Commit Suicide|Through The Light|0XtuIBnZ9ZyJl4iSzgTPbL|SOHGHGZ12AB0185F3E
La Roux|I'm Not Your Toy|34J6F3Y9lAUycY6fuRH9qH|SOHOCMM12AB01845E0
Jem|They|1TgMWkz0WFsUHa4t9bXiTa|SOIIEAZ12AB01853F8
The Pussycat Dolls|Elevator|7wJUlMVDA97ElayqU9VtQc|SOIIYYX12A58A7BF1F
Klaas|Our Own Way - Original Mix Edit|3XvFmLMWzd8zS2R0ade7jD|SOIKWNE12AB01805F6
No Doubt|Rock Steady|15tyfHwW0ZCoMkXpy2Lq1y|SOIYGQK12A6701C7F7
Sinéad O'Connor|Something Beautiful|4AKxhuXdDTWqhgiPa86QFx|SOIZMSQ12A8C13B518
Chromeo|Momma's Boy|5UsEG1RuzFtEWvErPwMZog|SOIZRER12A8C137A26
Guadalcanal Diary|Trail Of Tears|4RCVUgIoaUyt3sKc3TNFgW|SOJEVXO12A8C13AF5B
The Maine|I Wana Love You (Akon Cover)|4KEJhHr4BXfRYCevWFfBSx|SOJFTWE12A8AE48F98
FM Static|Six Candles|6M6ygXjmi1V4kekp5xxqOH|SOJGHAB12AF72A75B6
Cute Is What We Aim For|The Curse Of Curves|6uzuW7L1t1UhnzbfXwtMtQ|SOJGIUN12A6BD55B8E
Fall Out Boy|Dance, Dance|5CyMpPsFbJZZm4UlQAW2Yr|SOJRFWQ12AB0183582
Sugar Ray|Fly [feat. Super Cat]|3AyMvFH3AppsBxtV0FE6DH|SOJSAWE12A58A7F76E
Quietdrive|Time After Time|5i17G48swlxfwtQKeq5xcF|SOJXYSX12A8C143107
Fabolous|Everything, Everyday, Everywhere (Album Version (Edited))|04rxe3fPKPDJCpgwgCAIMI|SOKTVCV12AB017E793
The Monroe Brothers|Roll In My Sweet Baby's Arms|5RJZtwOEsT9XlpQnVtbw79|SOKZZYF12A8C139109
The Thrills|Big Sur|36sw8tdF4F3hooKDKTWlxy|SOLAPXE12A6D4F50C7
Taylor Swift|Jump Then Fall|4mvQXr3EeckZIBmlcxLqXe|SOLIBPA12AB01829C7
Cartel|If You Do, If You Don't|4CciBI3sW9gILRHeqz1FkE|SOLOVQB12A8AE47390
Vampire Weekend|M79|6L9qYgThsnIpK9CFKdZMnk|SOLOZRE12A8C133256
The Offspring|Kristy, Are You Doing Okay?|0f7Kv6k8OSjXQD0Avj7tAI|SOLPWYD12A8AE47CD8
Dave Matthews Band|One Sweet World|3FtyevKOLdSn6TfTm2ABSH|SOLQKDT12AB017CA5B
La Roux|Reflections Are Protection|1AG0Cjgbk6vhWkI5LsetoK|SOMBERZ12AB017E802
La Roux|Colourless Colour|1yRF2eJSGVjH7MtmVjVeCY|SOMGBSW12AB017E7E6
Modest Mouse|Ocean Breathes Salty|07i2enVx7IGccDiPLA4R3t|SOMHWDR12A8C1380BA
Blur|Metal Hip Slop (Graham's Bugman Remix)|6ITv8eHHP6kgJWlGfi9Pwc|SOMJCKH12A6310F275
Shifty|Slide Along Side|34bIFLleWrjHpELwx9jvnh|SOMKPKA12A6D4F7276
Dataworx|Control (Original Mix)|0LdLoJ6z2YLVcS1EKBMVOp|SOMMVFO12AB0182D9C
Lifesavas|Double Up|3QsMuyoWIYGHtx5ouq04c0|SOMQXQQ12A58A7A700
MGMT|The Handshake|0YtlHnjYmUNCDCKKPoiGNJ|SOMWNJA12A58A7538F
The Cranberries|Sunday|0ZbhTshdZR5YQ4ocwp9ShR|SOMZEVR12A6D22832A
The Cardigans|Erase / Rewind|39uG5IcULAH42BjyrCj5rd|SONBXQW12A6701FD05
Dragonette|I Get Around|3aEfFVJhgNlceYEn4ylAIN|SONHBON12A6D4F6CCC
A Rocket to the Moon|Dakota|2fCdEaACOjgGYOh5AvutuK|SONLXTW12AF72A8175
Theatre of Tragedy|Crash / Concrete|1GNPdfZJsRHA3noMlWBr8r|SONNKKX12A81C22CAC
Damian Marley|Hey Girl|08ALnvbg0xpzgqwXfeiJco|SONNVGX12A67ADAF07
Hot Chip|I Feel Better|3S0IXDqnRAzwDxIG7zM97D|SONREBX12A8C142DBA
Nirvana|Love Buzz|3FUsMXBxA4V7eUwQ7B0HQO|SOOJMUX12A58A76D02
Sneaker Pimps|Spin Spin Sugar|306bOzzncw57GOOg2OrQSQ|SOOQGXK12AB0182A40
Basshunter|All I Ever Wanted (Ultra DJs Remix)|3KscSVUMST7Aidn3GFSYLf|SOOSVDW12AB017E3B8
The Shins|Caring Is Creepy|0EKT63mcvEXuB5rxCW9pzP|SOOXRJG12A8C13773E
Garbage|Cherry Lips (Go Baby Go)|2V0bpUXnQJAstcff5W1hin|SOPBGKX12A8C13D97B
Spoon|The Way We Get By|141UpF0ofvBWm3r5JQwZ83|SOPCYXP12A58A75EB1
The Cranberries|Wake Up And Smell The Coffee|4wNsFOg7fVR5qCulLG071k|SOPDGTQ12A6701C8B7
The Kooks|Sway|4cA6gQZfajQTppJTOQSWEB|SOPKQGW12AAF3B17AB
Beastie Boys|Intergalactic (Digitally Remastered 99)|0rVd7bTGtrQUW34xSLzozd|SOPLUOT12A6D4F7AC3
Cartel|Luckie St.|5Va6AFx8qncwVlQSAMQOYT|SOPVZKE12A58A7B6C1
Format|Dead End|329KJlVs0PdibZUEvpenfm|SOPWPXE12A8C13DBA3
We the Kings|Secret Valentine|1J3r1kILWjBmG9eTt9Iyc8|SOPZCGG12A8C13791E
Gorillaz|Kids With Guns (Hot Chip Remix)|70mQhkwkaa5TPOUkcQve79|SOQAMGN12A8C1325A6
Moby|Mercy|4JAYrlxoDS9r8tAyrmoRHw|SOQDALY12A8C13BEC1
Moby|Electricity|5IkRfNwux8HRFeBLs2snAm|SOQGKIY12A8C13BEBC
Röyksopp|Only This Moment (Röyksopps Forsiktige Massasje)|1DK6KFeGJVwbDkdT0Jb8KZ|SOQHCTH12A67AE1F2D
Lifesavas|Tailormade Razorbladez (Hidden Track)|59n8J6SsdkV9rzmcOpYuKL|SORBUKR12A8C13E3FB
Yonder Mountain String Band|Sharecropper's Son|234iGZGOVB16GXqSRxsLIq|SORGUOB12A8C13E30A
Hot Hot Heat|Goodnight Goodnight|45pytMm5rUTVxDPC6NaVKj|SORJEKI12A6701F45D
Cute Is What We Aim For|Risque|2ZnvQmwIjlI2gcfryPksn0|SOROSRY12A6D4F7B64
Lady Gaga|Boys Boys Boys|59C8rQGhU7VGLizJKR99Xk|SOSHVEI12AF729AF6B
Boys Like Girls|Hero/Heroine|1AnesEZjtNHT7Nr2Y4BuNR|SOSOPTO12A8AE47E4A
MGMT|Of Moons, Birds & Monsters|1FAe6EpJcIJWrKpyNXmznB|SOTAAHE12A8AE48C5C
Tab Benoit|Jambalaya|4zI2rV2KTUKuvhfnmbmNa9|SOTCWRK12AB017E47D
Portishead|Numb|56RnJtz3LpEnvynzczamrG|SOTELBF12A6701FA4A
Renegade Soundwave|Pocket Porn|0jpJYuC2lJkRbcjqMeGoRW|SOTOECK12AAA8C6BB7
ATB|Hold You|5wcBPO00e2H35h07zKT8OC|SOTRFFI12A6D4F9035
Feist|My Moon My Man (Grizzly Bear Remix)|31BnOEEvopLKEDVP0hh7Wm|SOTWHRM12AF72A2D61
Jaromír Nohavica|Ja tam byl (Live v Lucerne)|1SoRkN78iB6mDPT8IR2NSF|SOUANTR12AB017DF7D
Sondaschule|Faden|4yxYjw8X7kuXG1wDVwilVG|SOUTZBI12AB018A276
The Shins|Australia|3nI6jHYoB14dC0Eel4rjpt|SOVFFSK12A6BD55C96
Metro Station|Wish We Were Older|1DX9VJzMkFAVpYQecXZpq6|SOVIVPC12A8C13D043
La Roux|Quicksand (Standard Version)|7tJEz1dvnnO1hpfTLsp6HK|SOVJUBO12AB017E7D8
Paramore|Whoa|2f6wopjc38goVUV087wvln|SOVORDN12AF72A4E66
Enrique Iglesias|Push|0tW7y1nrSjkZ9HmtcP1rns|SOVUKJM12A8C13C52A
Garbage|The World Is Not Enough|2RPD8gDOIoRWSbK9eJ6gGS|SOVUZKE12AB017F364
Jern Eye|Insight feat. Noelle Scaggs|36kI1K9v7Co2YjBoXGCNEN|SOVWWLK12AB018159E
Rogue Wave|Publish My Love|5e0FhXLIm4bGG2J1QsDg5c|SOVXZXX12A6D4F6FF9
ATB|Underwater World|2uKtOVH8bKfhQ7rPc8eFN9|SOVZRJK12A8C139250
Kid Cudi|Alive (nightmare)|16qRPLYMLMrZ9NwWAjPVsE|SOWARJF12AB018959B
Yeah Yeah Yeahs|Gold Lion|0ZxlWWronnmSO4KitM4WXl|SOWGEWN12A6D4F789B
Catherine Feeny|Mr Blue|6TvGCddV11FevOIfjDlON3|SOWORSV12A6D4F9345
Tom Petty and The Heartbreakers|Runnin' Down A Dream (Live at Stephen C. O' Connell Centre, Florida)|13iWv4sRVYtyR1XhGs6jij|SOWVEND12AB0183608
Anberlin|The Feel Good Drag|5sTVykpRs4eiZKn96bZogj|SOXKXJG12A6D4FA272
No Doubt|Spiderwebs|020gYw7juUaNs2tLYMlfms|SOXMOQF12A6701FB8B
Röyksopp|Happy Up Here|0Td2SwSs757UQ8zQ9EnZYY|SOXNZUH12AB018393F
Cartola|Sala De Recepção|3GATWlIrMSwKbJLs7pBQGf|SOXPDDQ12A58A76829
Feist|My Moon My Man (Boys Noize Classic Mix)|08I28ExGqZNVeccA9fa3JE|SOXSCBO12A6D4F758E
Mat Kearney|City Of Black & White|50nXFy39A12P3M4IGKJL1n|SOYBLCN12A8C142D19
The Pussycat Dolls|Out Of This Club|2XzH6khzBj79liRcGqmgY4|SOYDSTI12AB0181751
Blue Foundation|Eyes On Fire|3XHrTm6WE2BOHafLwTT3GR|SOYNEAI12A8C14172D
Ween|the Stallion (pt. 2)|22JlyujeZ3ZsDRrh1hjdnl|SOYSITI12AB018B67B
Broder Daniel|Happy People Never Fantasize (2005 Digital Remaster)|3hSb5JC8kXLpFy9iI1p7hi|SOYWWAV12A58A7E4FB
A Rocket to the Moon|Annabelle|0xZ4DGDCxghQSHxgp4z1Sj|SOZPIRW12AF72A8174
Enrique Iglesias|Addicted|2KnMQHIYJ7TFOEvZFgvYKx|SOZYUXF12A6701F7B9
