Jake Hess|You And Me Jesus|7dmByLRsKJJ3o9rcTDohK5|SOADQPP12A67020C82
Kid Cudi|Up Up & Away|6iBaGScSHySVYkE4vZAIcW|SOARUPP12AB01842E0
The White Stripes|Seven Nation Army|20UXPbBPmW8wiEpsZEb5Vb|SOAUFOF12AB0180C65
Björk|Undo (Live - Vespertine World Tour 2001)|1ty7lpdnCssRooPK0xRyfk|SOAUWYT12A81C206F1
Shania Twain|Nah! (Red Album Version)|12Bx0s8uDNiH4zGVkj1FAa|SOBABRB12A6701DF4B
Dominique A|Le courage des oiseaux|47C8ia2xbsaYpeGHo02dxZ|SOBFRNE12A6D4F7995
Jason Mraz|Lucky|0eUt8y45jKRKieJZur5b0W|SOBOAFP12A8C131F36
Alliance Ethnik|Sincerité et jalousie|0qNAiA1JEOPxcWP3KB4nsB|SOBOUPA12A6D4F81F1
Eminem|'Till I Collapse|5hRmVmELsKSJ23sNsUKZjc|SOBPKPW12A6701E8F9
Tiny Vipers|They Might Follow You|7eb0lCy1UXaKyPWy14sCDD|SOBUBLL12A58A795A8
The XX|Basic Space|3H7e1UBrY2aFnlE2aQTvTk|SOCXCTS12AC468A380
Foo Fighters|Learn To Fly|2wCYxNcQwopc6VgtK1ydWM|SODACBL12A8C13C273
Natiruts|Jamaica Roots II(Agora E Sempre)|7sLkLrujGUYINpCO2lPnS3|SODCNJX12A6D4F93CB
Emmy the Great|MIA|6xtRqeROqJ6PggrERtAhkX|SODLAPJ12A8C142002
Barry Tuckwell|Horn Concerto No. 4 in E Flat, K.495: II. Romance (Andante cantabile)|5JxM11ZCj1ksaDClisS55i|SOEGIYH12A6D4FC0E3
Linkin Park|Crawling|5Za8bsHPb08SZXm0bvbDXy|SOEKSGJ12A67AE227E
Jack Johnson|Times Like These|4WM22pqXRZkcdrp7alhjsv|SOERYLG12A6701F07F
Lady Gaga|Monster|6RXLklc5J4Mgsl8r2jMy0Z|SOEYVHS12AB0181D31
Cartola|Tive Sim|7tCpRHOhsg71wxvZmktqkP|SOFLJQZ12A6D4FADA6
The Black Keys|Your Touch|7jEswkZojo75lYyNmVKAZd|SOFSPAT12A8C145F53
Nickelback|Never Gonna Be Alone|7coWXMJPboA0s3tbRUTsmh|SOGIDHJ12AB01800D1
The All-American Rejects|Gives You Hell|2Oga8nugMQgP39re6xVClK|SOGPNGN12A8C143969
Justin Bieber|Eenie Meenie|4NlwVc4PvgApi0qsWFfZV9|SOGSAYQ12AB018BA14
Justin Bieber|Love Me|6ZRRgXOB7fIrHAwJftR3ic|SOGWJEY12AC9618862
Eminem|Superman|6CTWjBkan0ypxHgrLLj3ZQ|SOHEMBB12A6701E907
Radiohead|Karma Police|4jOk37QzZGciMyYku8mSRO|SOHJOLH12A6310DFE5
Lonnie Gordon|Catch You Baby (Steve Pitron & Max Sanna Radio Edit)|1h3fIPQXMxl0zRPd7Lhl4j|SOHTKMO12AB01843B0
Rihanna|Te Amo|7GtvCytwZJVAvQGDcLPNhE|SOHZPIK12A58A7CCAE
Emil Gilels|Piano Concerto No. 2 in G Minor, Op. 22: III. Presto|631SruGXRs9QlG2rcLE33n|SOIEBXT12A8C1341E1
Florence + The Machine|I'm Not Calling You A Liar|7lZurR0IZsYHtdB0bUS5cx|SOILFUU12AB017C75F
The Frumpies|Fuck Kitty|1heMFouLqk1buPmSG5rOkS|SOIZFTE12AB0186842
Muse|Supermassive Black Hole|4mDUKyeYsvDNLHnGuEAp9L|SOIZLKI12A6D4F7B61
Linkin Park|What I've Done|7g8U2TPh6JPFJK5LgqsNeE|SOJKQSF12A6D4F5EE9
Skillet|Hero|1LRrtSE3M3TxwrtCXP5pyS|SOJOIKI12AB0187525
Jack Johnson|Breakdown|5eD2RAP9pkW2ppLjzP5Zm3|SOJSTYO12A8C13F200
Cage the Elephant|Ain't No Rest For The Wicked|7hQHvBW5TllV3XAr3m4G0C|SOJTLHS12A8C13F633
Jack Johnson|Do You Remember|44HBcWA1jp22uKjKbwZd7Z|SOKUTUM12A6701D9CD
The Black Keys|Psychotic Girl|2xgSgMJCuhoMcNTNZIiDNs|SOLAUOW12A8C13A400
Die Mooskirchner|Frisch und g'sund|2mxd6wnlVwLyfm03OurmED|SOLGLUC12AB018A8FA
Todd Barry|Sugar Ray|4VjuHavv2loEUL61cXUy3R|SOLGPOU12A58A7EA20
Linkin Park|One Step Closer|52fEyBqxEPEqA9vOtNQGPs|SOLWHSJ12A67AE227B
Foolish Things|Who Can Compare|7c7mi2a8VV2NWcZPWhsgCj|SOMCAFM12A58A7B024
Jacky Terrasson|Le Jardin d'Hiver|7jIRgFZ1k2Swbiq29uDDBF|SOMCMKG12A8C1347BF
J. Karjalainen ja Mustat Lasit|Sinisten tähtien alla|7968fxC9GmlqTiYRXT499O|SOMGVYU12A8C1314FF
Beastie Boys|The Maestro (2009 Digital Remaster)|4mT6GWPSMJoHcOvCwGIL6H|SOMMONH12A6D4F41CD
Coldplay|In My Place|38IxXyj0kEEqc8XzU5ScpD|SOMRYYN12A6310F0F3
Fisher|Rianna|6N0pA0exW0z30DeYiBR3O6|SONHWUN12AC468C014
Sheena Easton|Strut|4pMGudFh6rrhzUXKJojdeo|SONQCXC12A6D4F6A37
Band of Horses|No One's Gonna Love You|3TzVNsNhnw7yUGmlmWNZbv|SOOECND12A8C13A0EA
Alliance Ethnik|Représente|4PhuNvZb2v9SpNPnIM4WEK|SOOFYTN12A6D4F9B35
Florence + The Machine|Rabbit Heart (Raise It Up) (Jamie T and Ben Bones Lionheart Remix)|1p4wv2mtT4UFYSauw1i6HH|SOOWVNN12A8C140775
Nick Cave & The Bad Seeds|Spell|6plhyz6waZZFQC0YcW18PD|SOOXLIG12AB0185803
Death Cab for Cutie|I Will Follow You Into The Dark|0xnT4sT3afHJ93Ts49BFVI|SOOYDAZ12A58A7AE08
Eminem|Hailie's Song|2ikhdJXZdX2Z3Ijj5tUrOb|SOPCTBB12AF72A1B64
Kings of Leon|I Want You|5sp47x7ydQMS5nkSTOtgkU|SOPDRWC12A8C141DDE
milczenie owiec|Cieñ|2MwRWbiKJ9VfXm3D2JTPwl|SOPGCOH12A8C139789
Triumvirat|Waterfall|1hmcu4gSunXb9RJGQgd86b|SOPIEIJ12A6D4F8F81
Young Bleed|We Don't Stop|2Rq6pVDDD4eTVWAdLi9vLm|SOPKPFW12A6D4F84BC
Travie McCoy|Billionaire|77QaHTu04XkgMDmoWHFPJS|SOPTLQL12AB018D56F
Five Iron Frenzy|Canada|24npDZmZh8Vyfy8wnaj5em|SOPUCYA12A8C13A694
Linkin Park|In The End|72fj8COGl1c5S3odAiM9cF|SOPVQLJ12A67AE2281
Coldplay|Yellow|5qwK7b9wNy6w6drrBv1i2x|SOPXKYD12A6D4FA876
Colossal|Brave The Elements|6RVgao4eo1GA6c6ik883t4|SOQGSUC12A8C13B66D
Phoenix|Fences (Chairlift Remix)|3R0w4uzJXLKpv0l0HLjeaP|SOQIOXQ12AAF3B2A37
Foo Fighters|The Pretender|5CGAzyOQ0k0Ap9ju3dsPqp|SOQLUTQ12A8AE48037
CCCP Fedeli alla linea|Aghia Sophia (2008 - Remaster)|5dVAwY71qyk7gpjOW8RY4D|SOQTHZW12A8C1400F8
A Day to Remember|If It Means a Lot to You|3iVi5oTzHqEkDek0RCSNYH|SORBBFV12AB017D710
Pavement|Mercy Snack: The Laundromat|5ZUM9dXso86yUy5KGxmkj2|SORJICW12A8C13640D
Metallica|Master Of Puppets|49R8KL6LBgOCqWmVWRsjDG|SOSJRJP12A6D4F826F
Jack Johnson|Bubble Toes|2vyWFovtrd43gdcirx4anV|SOSPXWA12AB0181875
Coldplay|Shiver|0qksx8mV28lztYIZ1om8ml|SOSVPIE12A6D4FA873
Kings of Leon|Revelry|39ZVR5MLwfgYt5I0hIhB1a|SOSXLTC12AF72A7F54
Cosmo Vitelli|Robot Soul (Radio Edit)|07mGimv6xw3DHuEkIVbver|SOSYOHI12A8C144584
Angels & Airwaves|The Gift|5lovFpbLqq1y81xCTYbXai|SOTCMDJ12A6D4F8528
John Mayer|Perfectly Lonely|2q8MKTQRMTlwGUQf08VdVp|SOTHABI12A58A7DACB
Florence + The Machine|My Boy Builds Coffins|2K8f1rGz0DP7fT9wrNKW7J|SOUCPBK12A58A7881A
Tub Ring|Invalid|75cTfyv2XauL07tPoXQFlf|SOUFTBI12AB0183F65
Justin Bieber|Never Let You Go|5ezNxh5IEN6hFpfKe8bGCX|SOUGCDK12AC95F075F
Rise Against|Savior|6fh0VjqDuDPPjTs04wxeCt|SOUJVIT12A8C1451C1
B.o.B|Nothin' On You (feat. Bruno Mars)|34yGm3Rj25jKEcRw44avuv|SOULTKQ12AB018A183
Future Rock|Gears|2MTobM4LjTlV3j9b6kTlnQ|SOUNJIO12AB0181339
Ron Carter|I CAN'T GET STARTED|5opFNCjclGb6PTQnvG9z7X|SOUNZHU12A8AE47481
Metric|Gold Guns Girls|7tNXsEUACsWZgR103jq5rZ|SOUOPLF12AB017F40F
The Prodigy|The Big Gun Down|2OIHqFLJonE9YYczb7yWpf|SOVIZNF12AF72A710A
Daft Punk|Aerodynamic (Daft Punk Remix)|37YWwmlRl1GonSwjRuOiEq|SOVOOSP12A6310F1AC
Miley Cyrus|Party In The U.S.A.|5VGIhl8LdqmFv1PLOdTz4Q|SOVWADY12AB0189C63
Train|Drops of Jupiter|683ealpi9RDtGLHX05nPEm|SOVXBOT12A8C136816
MGMT|Time to Pretend|1Fp9ZSyx3InL232bIdE0Dm|SOWOMMY127F8096DF9
Gian Marco|Volveré|1WISNLPLXx0bblOafM3tEK|SOWVBDQ12A8C13503D
Beastie Boys|Unite (2009 Digital Remaster)|2PdIMHqNhByz2nPSeKAypG|SOXLOQG12AF72A2D55
Kings of Leon|Be Somebody|09EZeW9XGWQm9ajYv9oyvY|SOYDTRQ12AF72A3D61
Five Finger Death Punch|Bad Company|6lq2Md99XWG4TnVNP9cNm0|SOYGHUM12AB018139C
Kings of Leon|Ragoo|450UORnWTXsLHIrJSFu18g|SOZAPQT12A8C142821
Mike + The Mechanics|A Beggar On A Beach Of Gold|2rgZoX5XaLxlFqRE81wqfM|SOZCDWG12A6D4F81E1
The Killers|When You Were Young|3TV1A5inGRzTzv9IBk50Mj|SOZVCRW12A67ADA0B7
Phoenix|Lasso|1do0oV7aHyx5MkchKdC2Ra|SOZVUCT12A8C1424BE
Coko|I Get Joy|01LVAgFbE4DoYYABGzWgNa|SOJIJWG12AAF3B46C0
Amy Winehouse|What Is It About Men|0dA0ono4Zz0IBc02pYlWIQ|SOKZTMC12A8AE48549
Charlie Louvin|I Think I'll Live|4rpCHSfzPUeOFRxh2t5TSt|SOPABZM12A6D4FC668
The Pussycat Dolls|I Don't Need A Man|6XLAuODHLJ96cUvnuNcPYu|SOSINBC12A67ADAEF6
Kings of Leon|Joe's Head|3nXfVS9YJxFhkwjDvXaLpc|SOXLKNJ12A58A7E09A
Metric|Help I'm Alive|2MZFDXi7QL79yANYhA3ShB|SOEOJHS12AB017F3DC
Vampire Weekend|M79|6moSOpDt0m7rqdbjfT1mbu|SOLOZRE12A8C133256
The Shins|Caring Is Creepy|7iTtCJRgOKf5JugoDfrcTg|SOOXRJG12A8C13773E
Beastie Boys|Intergalactic (Digitally Remastered 99)|4tgBjTgyGCQjz73cwpvSJK|SOPLUOT12A6D4F7AC3
Cartola|Sala De Recepção|2J1IxkhqZ2FnydAsvZjuhZ|SOXPDDQ12A58A76829
Simian Mobile Disco|Simple|0WCohR3uAUECAMqW52HdRE|SOLARJV12AB018306B
Coldplay|Sparks|7D0RhFcb3CrfPuTJ0obrod|SOLJWIQ12A6D4FA875
The Octopus Project|What They Found|4qlLJtBODaGuRCSOulBEIv|SOTORXA12A58A79338
