000002.mp3,https://docs.google.com/uc?export=download&id=1ll7qGv7qiNUgR7XH7cMyS10D4fBvR368
000003.mp3,https://docs.google.com/uc?export=download&id=1iH9nNaUWNcGndfVJ6HJ0vESIgrF12qNR
000010.mp3,https://docs.google.com/uc?export=download&id=15SsfOymjedn787HHvsH-UUCreQGBXGoJ
000020.mp3,https://docs.google.com/uc?export=download&id=1G693dIyqKARaYH8UJFVmAtWXRPMMkNM3
000026.mp3,https://docs.google.com/uc?export=download&id=18IM8oeTV5ENXRiF7_9G2Ls09PyLm9bcC
000030.mp3,https://docs.google.com/uc?export=download&id=1YIiGKIFkO8CwrnhG7OAkAe1VmnRN6QNw
000046.mp3,https://docs.google.com/uc?export=download&id=1BYnr2MlqJTBXNQZf7JTG883qDK3sfGpC
000135.mp3,https://docs.google.com/uc?export=download&id=1ZjBKdALY0ABYH1kXEUXf2YGjbUlWSBZo
000136.mp3,https://docs.google.com/uc?export=download&id=1uxFp5F9bd4QUF_fuhfK6MiXlYGr9bNB8
000137.mp3,https://docs.google.com/uc?export=download&id=1n_flGWiHdE7KBYozcSONU_Ft7prP5NhD
000138.mp3,https://docs.google.com/uc?export=download&id=1bXvp2CYqbylZcLjO8d24wzQuB_SV8RAN
000139.mp3,https://docs.google.com/uc?export=download&id=1O3hji1B-Tvl9BZ5qplhb90PVmm9f-t6r
000140.mp3,https://docs.google.com/uc?export=download&id=1ZrLZjHHAdDqNv9yKrzUJuUjNLTSahk8f
000144.mp3,https://docs.google.com/uc?export=download&id=1lWNPRxO9ml9CBKAyMs4L62qwCUB_5Z3b
000145.mp3,https://docs.google.com/uc?export=download&id=1iGuVu5edw2iVR4IFl3fujlUJM11ir1b0
000148.mp3,https://docs.google.com/uc?export=download&id=1dwtHCIdlzp6S37f9Y7NjFXfuElVPEmwp
000149.mp3,https://docs.google.com/uc?export=download&id=176pWa2v54cnnNq3HRbY-UE6UBCXVuNjp
000151.mp3,https://docs.google.com/uc?export=download&id=1-vgn4ENcnWPC-0sDrb3s9G6UOuwRPxdA
000152.mp3,https://docs.google.com/uc?export=download&id=1q0LZnH8C_dXrE3CTfhDS92_2XJFkqpPt
000153.mp3,https://docs.google.com/uc?export=download&id=1n0H4bmiqKaXg8PIy6Fc76SLsfK2sd_1J
000154.mp3,https://docs.google.com/uc?export=download&id=1-nsjoMY2XVkmL8lUMHOaG4d_fjd7o0mf
000156.mp3,https://docs.google.com/uc?export=download&id=1uEoRR1KGP3Z7gtKH8-0AduKBAAUeqL1O
000157.mp3,https://docs.google.com/uc?export=download&id=1xtHt5SrUIenbdWjzNTue4Lo32ktHVleE
000181.mp3,https://docs.google.com/uc?export=download&id=1kc-__60Hs0LeJeI4kk2xbpEWfSxIuwqG
000182.mp3,https://docs.google.com/uc?export=download&id=1EYdksPv4o9KeGaFiPu0Rg7UmBOulpEdK
000213.mp3,https://docs.google.com/uc?export=download&id=1i6atZDGw_bFImCL2VTqAXi2vS-AWYMLc
000236.mp3,https://docs.google.com/uc?export=download&id=1Jvi-I5RKTmYbF_aHEmGlMxod8D1OFe2A
000246.mp3,https://docs.google.com/uc?export=download&id=1F4C4tbiRnU-atKJhznc_GkJVhe6QJiIM
000247.mp3,https://docs.google.com/uc?export=download&id=1RwwOuD-1sJTEDhcu_m_6WmVhBpOtwXS5
000256.mp3,https://docs.google.com/uc?export=download&id=1nyhubzyaIh3GVzobYXZPUF1Pn9gpkxS5
000257.mp3,https://docs.google.com/uc?export=download&id=1gdyFiapu18cGUV1SWAAdL9Wl7i67JZDp
000303.mp3,https://docs.google.com/uc?export=download&id=1vFQlQnISmIG3nq6xOEVJMDQE_LvL1Nph
000304.mp3,https://docs.google.com/uc?export=download&id=1fyuzOvuED5oTCNL4EVRIs0DQi0w5UZdd
000384.mp3,https://docs.google.com/uc?export=download&id=1QrOtR1pCm1ko6vLgKWpMsqK8Idc-7rGp
000385.mp3,https://docs.google.com/uc?export=download&id=1RXIBudz0eGUG-He0yv4TXKmVU_L-K1YI
000418.mp3,https://docs.google.com/uc?export=download&id=1BdhJjRFinJmL9Dp_vGvB_NDVpz-DIipY
000420.mp3,https://docs.google.com/uc?export=download&id=1DjnVidiMnAij3uC6X1_tkgj0ShSH29o7
000440.mp3,https://docs.google.com/uc?export=download&id=1xGv9-1UTfFxqR_GC4BI3qArUZ0Yn9CU7
000441.mp3,https://docs.google.com/uc?export=download&id=1yclWp_hiETx0BeKHYgrGtx94vzFG19vu
000458.mp3,https://docs.google.com/uc?export=download&id=1-P0lK-pupjyCR7X9cKH7aeNothDIuB9R
000459.mp3,https://docs.google.com/uc?export=download&id=1fzGW1EU8fD0WadBgUZC8LN35Cr20XEvx
000461.mp3,https://docs.google.com/uc?export=download&id=1pMLQM9KzN2SXK9evNX5wPNYVVDvdQknl
000462.mp3,https://docs.google.com/uc?export=download&id=1OYY2DjN60nVS9ja3minpdxuH7aeBZqIO
000463.mp3,https://docs.google.com/uc?export=download&id=1sNk7wRG9W7O9YX5sklrhj-13Em4osJI7
000464.mp3,https://docs.google.com/uc?export=download&id=1pFYdRE-sZqQsjedm7b7Qsmk97UxBQJjz
000467.mp3,https://docs.google.com/uc?export=download&id=1ajOIGHjxZFo1W0PWFonyHuLFdVW8W6Tk
000469.mp3,https://docs.google.com/uc?export=download&id=1byEqB4hw7jkMI2MW9XCVC-dKRAPWPaXJ
000615.mp3,https://docs.google.com/uc?export=download&id=1a9bmcrGPTxR0EBfC2246NvCqKx5d5MPk
000616.mp3,https://docs.google.com/uc?export=download&id=1vklcmWlcuDOy3t9oNBYKIfcmul7zkO1S
000640.mp3,https://docs.google.com/uc?export=download&id=1nl9lCM2qSaXHcqF2eeBXOKu1ynJYQfBH
000666.mp3,https://docs.google.com/uc?export=download&id=1-cTZcaulB9fh5UgO3mugJzlA1HkQuWt0
000667.mp3,https://docs.google.com/uc?export=download&id=1uLY44Z7uS-99OULKKnHzwv8eV8eMp7P6
000704.mp3,https://docs.google.com/uc?export=download&id=10aAMKMVSnzNhUQWEP9ZTz-sM3YpIhcAf
000705.mp3,https://docs.google.com/uc?export=download&id=19L5iXlheOxTQUd5nIe9iCwk27dfVAlrc
000734.mp3,https://docs.google.com/uc?export=download&id=1dBhAxPOmzKSvW29apBg9qosFUzqfkr4S
000735.mp3,https://docs.google.com/uc?export=download&id=1pa1rOKaPJik_ZPxNPNG5xU_pAgAiHdDC
000824.mp3,https://docs.google.com/uc?export=download&id=1ccBOtziyGd2M-fe0baSlUwTO1qzJq-wc
000825.mp3,https://docs.google.com/uc?export=download&id=1sIqBT9w5tBch0Qrz0kShMlW3CGRxJm8Q
000853.mp3,https://docs.google.com/uc?export=download&id=1NEIqMmsyGtO4GW9dnWAImKwfKbQLHvgI
000864.mp3,https://docs.google.com/uc?export=download&id=102dhtctW0gRQYw6m4ZvbfWPoPa8TWSyw
000866.mp3,https://docs.google.com/uc?export=download&id=1PuYHctPmJHekpGY4u6HcThllyDiBXOUk
000871.mp3,https://docs.google.com/uc?export=download&id=1SCP5AAybRdAh6_Hd2NxTkHX9k9w0M1FH
000872.mp3,https://docs.google.com/uc?export=download&id=1sql2DCGPSotXfJZvImcBVCk9yLrGAu2e
000873.mp3,https://docs.google.com/uc?export=download&id=1kl5kpWmM_abJDZ3FjpoAJg_bYQkjv25-
000890.mp3,https://docs.google.com/uc?export=download&id=1C9o0eP276jJQ9m1NOp-qWLMZoRyLsAJW
000891.mp3,https://docs.google.com/uc?export=download&id=1FpgNZZf8nTwuufWkVKkoXsSjlQV4ehKk
000896.mp3,https://docs.google.com/uc?export=download&id=162G2Boj9WMF11-qQ6xIxPhuNgxD1Hiig
000900.mp3,https://docs.google.com/uc?export=download&id=14c2Xzb6Z2jkm5sS8JVAYaumAZFAnHF4X
000901.mp3,https://docs.google.com/uc?export=download&id=1us_W0FbL5XTLz1kUgF9ht2HuL5wCkzrv
000902.mp3,https://docs.google.com/uc?export=download&id=1-lMFot3sF3VWfiIkFlyLSX2l0y5E2_qO
000903.mp3,https://docs.google.com/uc?export=download&id=1RyqSa4OyIRQKBM2gRxMwdYNVW4LjRdqi
000904.mp3,https://docs.google.com/uc?export=download&id=1uGL2KgM7nmV7_IKBzmeb5KOQrFojF--q
000905.mp3,https://docs.google.com/uc?export=download&id=1oZ9kIWhbQI4miDpufKLIGCk6LqwfRYZd
001024.mp3,https://docs.google.com/uc?export=download&id=1WvdOpnWjfepEjmBsZ6wBLIEeYeCvem2a
001025.mp3,https://docs.google.com/uc?export=download&id=1s4lx0PBi5JzBDlK0RnuH2AphAwyvQ9--
001066.mp3,https://docs.google.com/uc?export=download&id=1LOeghfAm9wvYYi17Uk9KQ-S8wGKJ4o8B
001067.mp3,https://docs.google.com/uc?export=download&id=1VXg8esmex6Y1q5KNha7VFEOkogeIbi5-
001082.mp3,https://docs.google.com/uc?export=download&id=1W2juZ8MKAJ7gHX90conRRPJgOfpEqzlp
001215.mp3,https://docs.google.com/uc?export=download&id=1_VQN-uq-ErH1LCtC-KaaC7mzPIJjShv6
001219.mp3,https://docs.google.com/uc?export=download&id=1jShCR0U1HSCSjk6NwiCFq4agkwVxklkF
001223.mp3,https://docs.google.com/uc?export=download&id=13tmEIr3_5wNWmnF7BG6jE5AFwruFghO0
001225.mp3,https://docs.google.com/uc?export=download&id=1SfUkrcUoqlvoZpsj2XoBJdB5dyxNMIBu
001349.mp3,https://docs.google.com/uc?export=download&id=136lQ3m5RAbDwmNE1_J5n2iRsqUSo3KgO
001352.mp3,https://docs.google.com/uc?export=download&id=1ecwSFdcDIHEg4vyU9CbDbZnj2NHRGS75
001381.mp3,https://docs.google.com/uc?export=download&id=1adTAYD168oVoNBrdUesiNvEIY6vZknS-
001382.mp3,https://docs.google.com/uc?export=download&id=1-DeBQchnOGjFtLBuyJeYb870i4zZSXhi
001384.mp3,https://docs.google.com/uc?export=download&id=1eFB5Piar9juRPuJsIoCrvm_PMt8Zfizi
001547.mp3,https://docs.google.com/uc?export=download&id=1WPPQnZdNE6vCw-B74gflPeXFF34VZTLz
001548.mp3,https://docs.google.com/uc?export=download&id=1GHOces5mocLznib93UallVxUFhAIEpiz
001725.mp3,https://docs.google.com/uc?export=download&id=1DwvU44EDonMCnun7RkaaquJrUVKu2lMH
001726.mp3,https://docs.google.com/uc?export=download&id=1SoF5YqCfQtzRtmsBBT98JlBYfw5WGJJ3
001730.mp3,https://docs.google.com/uc?export=download&id=1dJCrfSm-y0gnyI9vcEvfZtoAKBOljWuV
001865.mp3,https://docs.google.com/uc?export=download&id=1Cg2F9jZWMmY-3v6ClWlmtPVaP2u2m_j6
001867.mp3,https://docs.google.com/uc?export=download&id=1lF-q5vE6ZYnz3LIr2FnnDO50ZRSbOeVA
001930.mp3,https://docs.google.com/uc?export=download&id=12VHa8QgS5Y8QGEXq7xW5rERNalJn4G5d
002010.mp3,https://docs.google.com/uc?export=download&id=1l2C1cvmC134Jofz4LXP5VVVVLEwq53O2
003269.mp3,https://docs.google.com/uc?export=download&id=1nO-TVjoYkfAQeva-wk48HKe8sf9SJ0oV
003284.mp3,https://docs.google.com/uc?export=download&id=1NE0-5JzOEQj4p_SF_2C0xOr4ws6sL8Hz
003285.mp3,https://docs.google.com/uc?export=download&id=1Xt86CMJywFol3QQfoCXNGvoznC-fFMz-
003291.mp3,https://docs.google.com/uc?export=download&id=1yR6mHjX9DBwZa7IPpClUw3rnh_ujiM6g
003351.mp3,https://docs.google.com/uc?export=download&id=1PnpiT6p36U1dArc-YuAzscjzrJ2tHBYk
003394.mp3,https://docs.google.com/uc?export=download&id=1HpiHOlU3WE5KN1K3fMeykWlr0GCsYi4d
003396.mp3,https://docs.google.com/uc?export=download&id=1WBWrpfw_PLDaCFn1IlWTOTLDUSDFutho
003397.mp3,https://docs.google.com/uc?export=download&id=1Cbg-WDaHh83iKCa1nerAVhCm7M4c98on
003398.mp3,https://docs.google.com/uc?export=download&id=1vKrdOg0l6V2c1FxNMJtZ_gbyL7k0YNfP
003446.mp3,https://docs.google.com/uc?export=download&id=10h6G8TBnYrjx0D91hzyXakH8CAlrhg6t
003447.mp3,https://docs.google.com/uc?export=download&id=1G8XaNugrmEQScNC6l8Eefefi9FLlxfJU
003459.mp3,https://docs.google.com/uc?export=download&id=1WSST_XQ3yeNJAanksgjwVaee47aZCFqU
003460.mp3,https://docs.google.com/uc?export=download&id=1kH3BjBi9ta7wO7kuCBfhIIZM4Elrigg9
003467.mp3,https://docs.google.com/uc?export=download&id=1XIhO7opTU7yZOkT4-h7OaIsj-YvT7l-r
003591.mp3,https://docs.google.com/uc?export=download&id=1Wu9Y00FuOsE2eMkopL0MLkubQ-YnNTPP
003714.mp3,https://docs.google.com/uc?export=download&id=1ab8Lcr7yllwuAX6BNpJVHiUpVI7KBI5A
003715.mp3,https://docs.google.com/uc?export=download&id=1uXd0N0zq72ILkFygPIB1ud6gKVrEMBXm
003774.mp3,https://docs.google.com/uc?export=download&id=10VXRwKJpCD9tSK9nCOeepNZrxHe0hVcj
003775.mp3,https://docs.google.com/uc?export=download&id=1sXlhf016A6s7-TgPt7JZJQDBzY2RKags
003866.mp3,https://docs.google.com/uc?export=download&id=1rZn-YrjKKCgXqEuPpOU3bytmmZLdAc3y
003895.mp3,https://docs.google.com/uc?export=download&id=1vu1J_aT-XEbmOtqDk3gl9szseq_g15S6
004019.mp3,https://docs.google.com/uc?export=download&id=1mUV5G_27VZ7dF1OLLo5a0iP59GSJoP9V
004020.mp3,https://docs.google.com/uc?export=download&id=1cZGb8GfeF3t5KOzHSZobfFnIseIzfHPH
004065.mp3,https://docs.google.com/uc?export=download&id=196HUWIHYeGDBdixi4tYtgqqQiPb38s5j
004091.mp3,https://docs.google.com/uc?export=download&id=1XW4KhVno-ip_0Fuzz_zWmpbpBEMAQDnQ
004092.mp3,https://docs.google.com/uc?export=download&id=1vMG6hKnQQJyrf3v2J9YANMTlojjKxlnE
004165.mp3,https://docs.google.com/uc?export=download&id=1sYPZlNM8T63HjspYTPOsoWQ_MrlBMyXj
004166.mp3,https://docs.google.com/uc?export=download&id=1nKM3mCbOMrXErWUhbgvn9ZS_qD0NObkR
004232.mp3,https://docs.google.com/uc?export=download&id=17ItzBJiaYVL-415tO3GAs7DlPMydqWDy
004233.mp3,https://docs.google.com/uc?export=download&id=1eguxpKtCI1nIvyU9TVU4gqGws2fQLf8l
004234.mp3,https://docs.google.com/uc?export=download&id=1Fpn0J6k9aEC9oEXvEzxy0TPWsjMyYklA
004507.mp3,https://docs.google.com/uc?export=download&id=1StzpLvPT02ISoZk8IqgGct5BnimMO3ni
004508.mp3,https://docs.google.com/uc?export=download&id=1W5lJ6Ar8lMHAAPUuPDGvGgVNCvcxYCjs
004535.mp3,https://docs.google.com/uc?export=download&id=1e56W6qMjNCX2m3qaZj9uSotsve_h54rY
004703.mp3,https://docs.google.com/uc?export=download&id=1Sx3T16oc5FAfbmzrH_5HHX9qKRAAMzB0
004853.mp3,https://docs.google.com/uc?export=download&id=14whWSu1m7bzEQmXZW_3dBXqo0kMj3o8k
004854.mp3,https://docs.google.com/uc?export=download&id=1-KqhbFbgRgfGh6PJXJbDZoH_C_m0zpIg
005009.mp3,https://docs.google.com/uc?export=download&id=12us2Z-yB035L3uRjXon8gFsY_nB53dcD
005025.mp3,https://docs.google.com/uc?export=download&id=1IlTV8swQme8aqXmJOqytEGlaOjyPbNdP
005082.mp3,https://docs.google.com/uc?export=download&id=198JzgP51eAM9ii8Lvv88SeawD1ZV8XJr
005083.mp3,https://docs.google.com/uc?export=download&id=1nZugM0-8yTLCNdOM2lQJobZT4ymRhT6g
005337.mp3,https://docs.google.com/uc?export=download&id=1lWvh1HCVuCvT66WZvPPCQN_XRLkv164U
005340.mp3,https://docs.google.com/uc?export=download&id=1i2Nef-uqnyKqf2GFKXpFn0taqcRoj3KU
005395.mp3,https://docs.google.com/uc?export=download&id=19VD_zNwCWEtPMiioaYa6NYewu7Dld7nG
005396.mp3,https://docs.google.com/uc?export=download&id=1y6NuKVfZic3d-rQJEKH4MiHPgaXHyglT
005441.mp3,https://docs.google.com/uc?export=download&id=1mlIEmIjoy_XYaz5bQ49yqN7O3UlDN6nG
005442.mp3,https://docs.google.com/uc?export=download&id=1Z2EjzTPhHnLQ_5KLRiusfAz7R5MIgHpo
005521.mp3,https://docs.google.com/uc?export=download&id=1HVcu7qFg5k39jympSwQfMwSAJrx7rfrO
005531.mp3,https://docs.google.com/uc?export=download&id=1UHcofFFL-0firGG22-N8hS4NMEiRAGdJ
005879.mp3,https://docs.google.com/uc?export=download&id=1dz9jB5_S7OfjX4DJEFaBeUssQyEOPbyp
006510.mp3,https://docs.google.com/uc?export=download&id=1KAwD3MizZa43SzHP7TO8fFE45UMoaepr
006511.mp3,https://docs.google.com/uc?export=download&id=1gSVqaIx8j4S3A9nE5n-m29SxRY8nJvF4
006715.mp3,https://docs.google.com/uc?export=download&id=1R_04C1xqw9fyjngzgENI-HSyYueZT1VQ
006716.mp3,https://docs.google.com/uc?export=download&id=1AXKYYBxcjcz6aQUc877LiR4Ogwr0OT15
006861.mp3,https://docs.google.com/uc?export=download&id=15dFC6XB0YOa-DezpZk9wBUhhIIBAA9Jh
006862.mp3,https://docs.google.com/uc?export=download&id=17wHalO_GTIB61EHo0g2m_7P0HsILZOeZ
007462.mp3,https://docs.google.com/uc?export=download&id=14h6gYmYOVYfhrW4VxIvQgdQv2IB1-Nbg
007463.mp3,https://docs.google.com/uc?export=download&id=1F7hqnxv45uK6_QCwDEVt5I9MEFDAfU16
007557.mp3,https://docs.google.com/uc?export=download&id=1H3ioub26a4eCUrFwIhMC4T54ga7Ryinm
007558.mp3,https://docs.google.com/uc?export=download&id=1VUXCsmbD39uQxstEjcwc6_oNEGbwxZmh
007769.mp3,https://docs.google.com/uc?export=download&id=1tFw0RtoD3VAvdrLcYGlD0D5EzKGLSQJm
007832.mp3,https://docs.google.com/uc?export=download&id=1IAtJGE_LLdZM8BP0x2AMCqmsgABeLauC
008161.mp3,https://docs.google.com/uc?export=download&id=1IEp3xfKdLds6AFdWfNMiEz_zwwNz7pax
008540.mp3,https://docs.google.com/uc?export=download&id=1ZJIFRwnQl0XiKKpseI8U_pH5E6ED0k53
008908.mp3,https://docs.google.com/uc?export=download&id=1SHhcCzjgXrEenhFDpDtQxwyzYcyFQZ3K
009398.mp3,https://docs.google.com/uc?export=download&id=1BgUeV5FT8ECfWTfF0KNHrW3bMEBV42ik
009400.mp3,https://docs.google.com/uc?export=download&id=1AwOhYtmqQiGq0B0DS2h0ybDTxxbwKv3k
009468.mp3,https://docs.google.com/uc?export=download&id=19s9yMpWcrgiZXoN9arfRQ-XoxUKeJJWg
009484.mp3,https://docs.google.com/uc?export=download&id=1u2F7VyJC3B140qdj2uteeIvP8I3Y2_c0
009485.mp3,https://docs.google.com/uc?export=download&id=1_TKG9s-onny2owV308pq3XLTkCMOczJt
009524.mp3,https://docs.google.com/uc?export=download&id=1lU1rfKUcaX1xvCii2k0D3Ommj6tETcN4
009525.mp3,https://docs.google.com/uc?export=download&id=1QsAkW_2h5sMHtuXPpVI5zDQGeFQFHhfw
009668.mp3,https://docs.google.com/uc?export=download&id=1EcbcO6E5E-4wfy8P0-AjM-UwHRgSmf3M
009702.mp3,https://docs.google.com/uc?export=download&id=1L4_j19p0D0117MSzdPk9hWih5dgHxWGP
009704.mp3,https://docs.google.com/uc?export=download&id=1oX4awJ5mIq6fBlsp1bGBprdOehNNMTIj
009747.mp3,https://docs.google.com/uc?export=download&id=1CBv95oOlCYaEL3ZhDhvZ322LW38D0ugO
009748.mp3,https://docs.google.com/uc?export=download&id=1OG_K3saMsv3oUn5UPQbH0MNhwEQSacVq
009793.mp3,https://docs.google.com/uc?export=download&id=1YXntxPUp4BG8eVr1YFf7exOSKtORuV4C
009811.mp3,https://docs.google.com/uc?export=download&id=1hqtDsTV6JhD_vwlqWtFEq1TxO_Jc0cfH
009813.mp3,https://docs.google.com/uc?export=download&id=1A-yKTQGZBvUtsu0qPMCxU_T14hGP50Qh
009884.mp3,https://docs.google.com/uc?export=download&id=1EpmUf7jicIlFkPgXWQbh2SSo3byb0VdU
010009.mp3,https://docs.google.com/uc?export=download&id=1VlDmB10ZqkxToopNANbUKdyUSVLJxL7e
010085.mp3,https://docs.google.com/uc?export=download&id=1oQgylZIAxWbZDtj_1luE0iWZb-AdqVQD
010138.mp3,https://docs.google.com/uc?export=download&id=14mI1pr-67KHDJAh6JxiTI1ztyw-SWMTF
010139.mp3,https://docs.google.com/uc?export=download&id=1zHOPtsoDvjMXxDeMKQDNT0yDA7fiM52G
010225.mp3,https://docs.google.com/uc?export=download&id=1sP4CI-OtRNzk6Ot-Kl5pyjZxvy2TPD8N
010226.mp3,https://docs.google.com/uc?export=download&id=1p3L95ee_jht_r6gWwUGb1rMMK_sJQsan
010405.mp3,https://docs.google.com/uc?export=download&id=1NMKnw8UdPaxkcWQC6NFLgmHN1BENjqkj
010406.mp3,https://docs.google.com/uc?export=download&id=1_qp1onMsKP1l4Cu8e72gbsvIx1BhGKUF
010421.mp3,https://docs.google.com/uc?export=download&id=1c4imx86I3eYGGP3avpYNWpWcEytQ17Tu
010425.mp3,https://docs.google.com/uc?export=download&id=10JV4b8nE0rv1w9lclZXUfn_AIcoM5gfc
010471.mp3,https://docs.google.com/uc?export=download&id=1V5StRXccbTn3Ik7hNDv2A7EFdFxn09jB
010472.mp3,https://docs.google.com/uc?export=download&id=103SlVeDDnciM7pWbmdVQlE6bbyUYJWpM
010473.mp3,https://docs.google.com/uc?export=download&id=1BwBID0uCS_QjTVVbo4GX6OfFqORK9_zV
010507.mp3,https://docs.google.com/uc?export=download&id=1pXhqcxo_2Dz1Oh8CsRZxEjWdX4wqssNO
010562.mp3,https://docs.google.com/uc?export=download&id=170V6SKeXLvLe1hRBVHsuVPG_ORHkNWGT
011201.mp3,https://docs.google.com/uc?export=download&id=1t3aSLwKo6d8D_pZcwSmVOp92zo4sfAvA
011206.mp3,https://docs.google.com/uc?export=download&id=1q_xbxNAYOKJCAIfSZn8Ra8yQXy4NUXDE
011248.mp3,https://docs.google.com/uc?export=download&id=1JfLLPr1BCcZIo7BAeuMh8jv2fBZHYner
011264.mp3,https://docs.google.com/uc?export=download&id=1mkaeCjUIpIeRZzeS_EC4G_UesCQXmCu2
011266.mp3,https://docs.google.com/uc?export=download&id=1pjNrIGLzodlssq-VSFdLWZpf4-EyVg1O
011272.mp3,https://docs.google.com/uc?export=download&id=1aPistcxWRmRx54HBar33y3F95yOjIEte
011608.mp3,https://docs.google.com/uc?export=download&id=1DaznkiAlZ3S52MdOnyCdMbvQX36lAVSh
011861.mp3,https://docs.google.com/uc?export=download&id=1Ww4IGoKEc1jWkd6Yvh_h33SKXdrViESH
011862.mp3,https://docs.google.com/uc?export=download&id=1wLrVHjcQxJAZ36XZjm6YFmzacc1rZe_5
011942.mp3,https://docs.google.com/uc?export=download&id=1SVUxOcbvV5FtKo7dHvgve28C1ijjjF_3
011945.mp3,https://docs.google.com/uc?export=download&id=1m9dMjIWv2lLAvPt38KRJBhj9JFp1Dq08
012283.mp3,https://docs.google.com/uc?export=download&id=1T3byrOZp0Lyc_lDqryod0jN-68QhEO_P
012284.mp3,https://docs.google.com/uc?export=download&id=1d_n5PUHv-cMQRe-ua5bN8Rg4pnTNfYIl
012419.mp3,https://docs.google.com/uc?export=download&id=1hayHPdZnTqpoR9xto3qpDC1yTTVUAeG1
012420.mp3,https://docs.google.com/uc?export=download&id=1Yr4xNxEQasUfiUZlnMHrazxzejG7G8oa
012594.mp3,https://docs.google.com/uc?export=download&id=1QNKnNUL2o-wfxvRrH5LMdQVR4HYI6FuL
012595.mp3,https://docs.google.com/uc?export=download&id=1oPPD78J_VpKXdBge3kN0N-Rt3iAnRgq3
012672.mp3,https://docs.google.com/uc?export=download&id=1Mg1Uf_fihxPtU5o5LalMKm16MFvbN1GV
012673.mp3,https://docs.google.com/uc?export=download&id=1etyPDChHEuMYZmFYwuhMPuh_z_P1vw3-
013571.mp3,https://docs.google.com/uc?export=download&id=1Slk-M2_u4Mnw0hdhPsldwOV2ydK-I4Xy
014014.mp3,https://docs.google.com/uc?export=download&id=1aCiD1YTrB_StA0ozqyV_swVKMc9c7Wvw
014154.mp3,https://docs.google.com/uc?export=download&id=1sYId1rJovTnj2VL7GzIjCaFali7Lz4bL
014155.mp3,https://docs.google.com/uc?export=download&id=1WGYqUhfCh9tkK48jVsBy6dBp9RzVWwvl
014214.mp3,https://docs.google.com/uc?export=download&id=1OblALc29MVfFnXCUpGIR1A7yPw0-YohO
014489.mp3,https://docs.google.com/uc?export=download&id=1mUVN7dV2ApoqhaBfZ90CMU8bV-e508hU
014490.mp3,https://docs.google.com/uc?export=download&id=1PRwtQpuf0CH2BLUrCSVMBZIBvUVcH9VE
014649.mp3,https://docs.google.com/uc?export=download&id=1Q1w3AanAS7w_nHSutaZcHqhY30WdBaLT
014652.mp3,https://docs.google.com/uc?export=download&id=10DTDhJ75SuThSnKdtDcQYcqjAJG5q3aD
014664.mp3,https://docs.google.com/uc?export=download&id=1Lrjf_lUUG7rij3S8SuNQNhQYJnolYnxa
015074.mp3,https://docs.google.com/uc?export=download&id=1IICOpHTrRMu45_4yqKs0FVZ-ywasBkwH
016010.mp3,https://docs.google.com/uc?export=download&id=1qmJf-N4-GqZgoBcunm40QmAd8Y9toVYS
016011.mp3,https://docs.google.com/uc?export=download&id=1kNmr-DUE9Ju3zmn-E1TnOZ14_2R596lr
016680.mp3,https://docs.google.com/uc?export=download&id=14cr-Y5Kwz2FzQnLljoXL9GXs51eSDNUp
016681.mp3,https://docs.google.com/uc?export=download&id=1IQhwA49NHtP60hism1MbtzFZ-IdaYwpw
016682.mp3,https://docs.google.com/uc?export=download&id=1NfwPbzMFizRFxRg4pshhWMgMWsX6BSD1
016683.mp3,https://docs.google.com/uc?export=download&id=13wn61kLLMCn32KnMRIY5qvdUO6RxV5t8
016743.mp3,https://docs.google.com/uc?export=download&id=1DmXMqvY1k9LBSkQ5NDt-pitsatiMWkmy
016744.mp3,https://docs.google.com/uc?export=download&id=12mQigZo8Z9QkJ1qFsQnqA_H4zE1Clug-
016773.mp3,https://docs.google.com/uc?export=download&id=1IdrIbjmQy2DChzXhzMZIv5eNRLHsNe0j
016774.mp3,https://docs.google.com/uc?export=download&id=1K7iheW2LensFxgFzckPoMblNj3dyvoyP
016819.mp3,https://docs.google.com/uc?export=download&id=1eT-YvvsV8wx5GIiwLS5eZmyWqdSMyC1y
016820.mp3,https://docs.google.com/uc?export=download&id=11K3oV20myJqt7gyGJTZ8YXK1Tvl-KaFB
016930.mp3,https://docs.google.com/uc?export=download&id=1BXMZRqEuHZnVjN9HUwzNYSRqoZ8isVTF
017133.mp3,https://docs.google.com/uc?export=download&id=1UjdZjLhnzau5ZzlDwxlRHdjiPSe52GMI
018334.mp3,https://docs.google.com/uc?export=download&id=1FtQZVhMjwPiD70VXXe5iboEXHICEvrYd
018335.mp3,https://docs.google.com/uc?export=download&id=1HOFesQIa7xy9H5ABKPGyVB1P0p9jRf51
018924.mp3,https://docs.google.com/uc?export=download&id=1lMTrDBmUrsw0IG-58bWdr268ETY3rR9d
018925.mp3,https://docs.google.com/uc?export=download&id=1TN2Zzqx85qdrb-otKZVFlv4U5EpmdltR
019172.mp3,https://docs.google.com/uc?export=download&id=1Blrr02jCjPVZ6EeH3ib3tMPVmAhgjYNT
019173.mp3,https://docs.google.com/uc?export=download&id=1_fOIKhnRsTdwukujYy13AMPNoT6_UAas
019424.mp3,https://docs.google.com/uc?export=download&id=17dKSCJZgoqZFwrCa-rHXsg6pXGbuzyJI
019774.mp3,https://docs.google.com/uc?export=download&id=1ZL3v8UZtSopbDMtE3mG1eYSBtlCGxL6N
019775.mp3,https://docs.google.com/uc?export=download&id=1psz3zsZc5Umod8adTKUc3o6hM1zc-PGG
020657.mp3,https://docs.google.com/uc?export=download&id=1qqbKHjzGG4P-46ZUFS5QMfBg_2Ehircr
020939.mp3,https://docs.google.com/uc?export=download&id=1uuxUfde9nFI7qxqmIf0RpVJqGB7vi8li
021039.mp3,https://docs.google.com/uc?export=download&id=1znQHr3nxyMKpJhVCvKjYTv8ZTor1TD9v
021040.mp3,https://docs.google.com/uc?export=download&id=1Lib2YYY0u564SxiAJGJGq0YFFIK9SErI
021201.mp3,https://docs.google.com/uc?export=download&id=1aXRkCr4qgQP1rgB8B0T5PDkSz4_6dD5S
021202.mp3,https://docs.google.com/uc?export=download&id=1eiH_fd-w9q4HOy39cBc5MI6Hhx9365DN
021268.mp3,https://docs.google.com/uc?export=download&id=11w7l1TXsmIH_DM5toqJhWHGge0hq2I-7
021269.mp3,https://docs.google.com/uc?export=download&id=1c5k7IIjSK9pQRFJTFtz5fz-Wc9xJ4UQY
021687.mp3,https://docs.google.com/uc?export=download&id=1FrULSC9Boq_y0QBwtJhnJ3MEEfttqhXQ
021691.mp3,https://docs.google.com/uc?export=download&id=1RKaWYdo3nbzWyDqPPxCZbvwxswtoBki0
021885.mp3,https://docs.google.com/uc?export=download&id=1IrAnGm_CxLc87gbreXO4REL5fVTO3H2n
021886.mp3,https://docs.google.com/uc?export=download&id=1zw-yGvkObliBuZo8dcDICLNMwC3rdCEh
022317.mp3,https://docs.google.com/uc?export=download&id=1oRLZB20NPkl2ShOt7D5NzszzFrNVnfoH
022781.mp3,https://docs.google.com/uc?export=download&id=1B5wfoNdEUynRhPXvmxKwPmQrTEZGjsm6
022782.mp3,https://docs.google.com/uc?export=download&id=1KhOjJkgUWIPX7qcodHkYKpontlvE4_9n
023035.mp3,https://docs.google.com/uc?export=download&id=1Rj1VHE0nKTb-ZYwywBk2YhjunMeLjbOy
023122.mp3,https://docs.google.com/uc?export=download&id=1rhRom9N5wZSjgyie4b0u1e1vJC71AsBp
023123.mp3,https://docs.google.com/uc?export=download&id=1C0lkfJSDXOH1DHI6_MiAGSwCW7kvvYQc
023792.mp3,https://docs.google.com/uc?export=download&id=1e2aUEhKAT69UxBMdB0iNkOwpISlWz1_j
024745.mp3,https://docs.google.com/uc?export=download&id=1zKRQF_JqbGDpfnG57ktdrtO8HlxmisQV
024746.mp3,https://docs.google.com/uc?export=download&id=1k6TeC6evqAdOmALSW1_QmhOVkItHGTz4
024792.mp3,https://docs.google.com/uc?export=download&id=1JtJ1xJqbMkjUXcOZ2ahND_KOvTjsFIo_
024842.mp3,https://docs.google.com/uc?export=download&id=1fSgM-BZy_P18kqmKPEIYxguyLjnrwLyz
025606.mp3,https://docs.google.com/uc?export=download&id=1uoia2XJkd3yILUr99ZuK3bcx77IxHUf2
025608.mp3,https://docs.google.com/uc?export=download&id=13Ux4GXQ3ag9QwWzIn-scbRiLd_etckRp
025644.mp3,https://docs.google.com/uc?export=download&id=15HnxcMY3OS6O7WmKJhuG9rPIkotivLDZ
025645.mp3,https://docs.google.com/uc?export=download&id=1XKAuTZyGEYgMVU3qArQ1Axsiah-eSjkM
027609.mp3,https://docs.google.com/uc?export=download&id=13eRRCDIwOeUB8E6NxSnWHadxz-4ovY5I
027610.mp3,https://docs.google.com/uc?export=download&id=1Iv0WUYQOzGZvLFbeX7QFItlgReYSxE00
027611.mp3,https://docs.google.com/uc?export=download&id=1iQNwzd5MloPg3vsrUOAVdKGGYP0tn5Bk
027612.mp3,https://docs.google.com/uc?export=download&id=1TPzyxiCS1FZlAPnlTVsPfHwlzW3jX0aq
028401.mp3,https://docs.google.com/uc?export=download&id=137fxADqt7F80Uuvf96D1ZCD2MIGZJIG9
028402.mp3,https://docs.google.com/uc?export=download&id=1ty3hTTQHOUIxMMQVbMhCUGRG_qo41EbT
028590.mp3,https://docs.google.com/uc?export=download&id=1PLa6FygSMimXPblOPQPopJn5Mz3TA11o
029029.mp3,https://docs.google.com/uc?export=download&id=1qS06LLl5gwDghTBg8n9nBgT6cF3mhMAf
029030.mp3,https://docs.google.com/uc?export=download&id=1hje4TVeD3_BEuOvKOT8OCydBhN4Ttjle
031474.mp3,https://docs.google.com/uc?export=download&id=1h0n4puooFfm0Fvdg4kFLpNlTi4wj4i6J
031475.mp3,https://docs.google.com/uc?export=download&id=14mYEsFyLMYGSL-BNvKLlvN4zQbrsPA3z
031598.mp3,https://docs.google.com/uc?export=download&id=1zgc-EwwVdNFMxGzl2pcGN-dBA8-L3lFD
037134.mp3,https://docs.google.com/uc?export=download&id=1cTHwy8bPe9CZSrRjWQacADW35hXwT1k6
037638.mp3,https://docs.google.com/uc?export=download&id=1GaXmSD2E5hVYhNv97w2jNQJfsMTXTGsp
037639.mp3,https://docs.google.com/uc?export=download&id=1H8l40I7DOBY4rMwsSezGlj64Q_PDM448
041044.mp3,https://docs.google.com/uc?export=download&id=1BfmiyPlIhs2334v361QedzVqV93o_BET
041045.mp3,https://docs.google.com/uc?export=download&id=1hCI7rKo9EL4P76bcOWM6wXD-GLCziwKr
041515.mp3,https://docs.google.com/uc?export=download&id=1gWc2dxkc5EvfaxPAxWALWOunMeopp2TY
041516.mp3,https://docs.google.com/uc?export=download&id=1rk_Bo0BzEz4mcYTnyOSSRFpKeMpYbMk_
041946.mp3,https://docs.google.com/uc?export=download&id=1BgRabhFmvgG-__-piPE7nqDFQ4BaqRSh
043324.mp3,https://docs.google.com/uc?export=download&id=1OBnaIrpr_O370G8LwaSHQhvoydLHHk_F
043325.mp3,https://docs.google.com/uc?export=download&id=1H0rYLP9RIpef7-Z4UTJ9hHoMA3PfFNUm
045529.mp3,https://docs.google.com/uc?export=download&id=1Zcve8wlBUkW4Q4JnUhvvJhE90duFPhvg
047843.mp3,https://docs.google.com/uc?export=download&id=1vWQ7Jc3fbpBRBFpOsbsyJWpojOH5OTgI
055123.mp3,https://docs.google.com/uc?export=download&id=1qUhc8g9zlLFXzPpCstavYTObE1OYvoy0
056312.mp3,https://docs.google.com/uc?export=download&id=1Ebm1WQnGzIAlZlaewGMNc7CfxyphdhgR
056313.mp3,https://docs.google.com/uc?export=download&id=1NEuc076NBVvXfGYYi4E-PjREF4ZoSJkJ
061461.mp3,https://docs.google.com/uc?export=download&id=1J7795Cx-BtVLlEe-kv3YgGbVHgWYNFpf
066513.mp3,https://docs.google.com/uc?export=download&id=114EY6mf13YGOURRbWKOTwLqC737xiP-3
070854.mp3,https://docs.google.com/uc?export=download&id=1tFVJiPzzbpRPdh3HUygLESxDXBAjl_-Y
072235.mp3,https://docs.google.com/uc?export=download&id=1RWpYTuueL6G71f141I1RtJ7r8QSefCfp
080657.mp3,https://docs.google.com/uc?export=download&id=1z9oMwAMZPKA74cdjXGBOEG1dPa_0t0KD
080772.mp3,https://docs.google.com/uc?export=download&id=13FeWiDfaCfJWx9pY3Ds1BAt8Q8CgDV6a
080773.mp3,https://docs.google.com/uc?export=download&id=1IVBEeltDw4a3Y3RMJLhq_RFVqEwJ3Mu7
082294.mp3,https://docs.google.com/uc?export=download&id=19JH9K5u1E742gFbu2NTINpV5duninvof
082295.mp3,https://docs.google.com/uc?export=download&id=12bJ6QRykZe1v35hEiPpsM6LASPYtsYRH
082660.mp3,https://docs.google.com/uc?export=download&id=1C1-jknWZBUvPsx4P7ZDhMz_xC5ke-6QI
113322.mp3,https://docs.google.com/uc?export=download&id=104MVTeiXaNW_u50yWfjrbvxtHe5towBd
